county_name,county_name_state,state
Spotsylnia,spotsylnia_va,va
St marys,st marys_md,md
Garfield,garfield_co,co
Columbia,columbia_wa,wa
Cecil,cecil_md,md
Wilkin,wilkin_mn,mn
Staunton city,staunton city_va,va
Peach,peach_ga,ga
Roberts,roberts_sd,sd
Rockland,rockland_ny,ny
Union,union_tn,tn
Franklin,franklin_ny,ny
Crisp,crisp_ga,ga
Mason,mason_mi,mi
Bear lake,bear lake_id,id
Hamilton,hamilton_fl,fl
Lapeer,lapeer_mi,mi
Wayne,wayne_nc,nc
Crawford,crawford_ia,ia
Estill,estill_ky,ky
Oswego,oswego_ny,ny
Kershaw,kershaw_sc,sc
Miami-dade,miami-dade_fl,fl
Bremer,bremer_ia,ia
Sumter,sumter_al,al
Newton,newton_mo,mo
Van buren,van buren_mi,mi
Yolo,yolo_ca,ca
Elbert,elbert_ga,ga
Spokane,spokane_wa,wa
Hillsborough,hillsborough_nh,nh
Sussex,sussex_nj,nj
Union,union_pa,pa
St francis,st francis_ar,ar
Tippecanoe,tippecanoe_in,in
Pamlico,pamlico_nc,nc
Multnomah,multnomah_or,or
Union,union_ms,ms
Galveston,galveston_tx,tx
Franklin,franklin_me,me
Williams,williams_nd,nd
Anderson,anderson_tn,tn
Uinta,uinta_wy,wy
Lincoln,lincoln_ks,ks
Meeker,meeker_mn,mn
Coos,coos_or,or
Tattnall,tattnall_ga,ga
Republic,republic_ks,ks
Scioto,scioto_oh,oh
Pike,pike_al,al
Calhoun,calhoun_ms,ms
Pima,pima_az,az
Towns,towns_ga,ga
Bon homme,bon homme_sd,sd
Marshall,marshall_ky,ky
Russell,russell_va,va
Douglas,douglas_wa,wa
Henry,henry_il,il
Tyler,tyler_tx,tx
Dewey,dewey_ok,ok
Coahoma,coahoma_ms,ms
Darke,darke_oh,oh
Monroe,monroe_oh,oh
Tulsa,tulsa_ok,ok
Edgar,edgar_il,il
Franklin,franklin_ma,ma
Delaware,delaware_ny,ny
Martinsville city,martinsville city_va,va
Bryan,bryan_ok,ok
Erath,erath_tx,tx
Delaware,delaware_ok,ok
Lampasas,lampasas_tx,tx
Dickens,dickens_tx,tx
Bedford,bedford_tn,tn
Hansford,hansford_tx,tx
Boo,boo_ne,ne
Monterey,monterey_ca,ca
Box elder,box elder_ut,ut
Agler,agler_fl,fl
Livingston,livingston_ny,ny
Clay,clay_ms,ms
Webster,webster_ms,ms
St lawrence,st lawrence_ny,ny
Harvey,harvey_ks,ks
Alger,alger_mi,mi
Summit,summit_co,co
Franklin,franklin_ks,ks
Barbour,barbour_al,al
Douglas,douglas_sd,sd
Worth,worth_ga,ga
Lla lla,lla lla_wa,wa
Cumberland,cumberland_nj,nj
Del norte,del norte_ca,ca
Gray,gray_tx,tx
Berrien,berrien_ga,ga
Erie,erie_ny,ny
Polk,polk_ne,ne
Madison,madison_id,id
La salle,la salle_tx,tx
Bryan,bryan_ga,ga
Essex,essex_nj,nj
Ashley,ashley_ar,ar
Rock,rock_ne,ne
Kane,kane_ut,ut
Allegheny,allegheny_pa,pa
Wibaux,wibaux_mt,mt
Santa barbara,santa barbara_ca,ca
Boise,boise_id,id
Payne,payne_ok,ok
Coffee,coffee_tn,tn
Cherokee,cherokee_tx,tx
Minnehaha,minnehaha_sd,sd
Rice,rice_ks,ks
Crittenden,crittenden_ar,ar
Wilcox,wilcox_ga,ga
Crawford,crawford_pa,pa
Frankl,frankl_in,in
Blackford,blackford_in,in
Passaic,passaic_nj,nj
Oldham,oldham_ky,ky
Henry,henry_va,va
Monroe,monroe_mi,mi
San patricio,san patricio_tx,tx
Johnson,johnson_ks,ks
Cherry,cherry_ne,ne
Marion,marion_il,il
Onslow,onslow_nc,nc
Mono,mono_ca,ca
Vanderburgh,vanderburgh_in,in
Johnson,johnson_il,il
Kay,kay_ok,ok
Loudon,loudon_tn,tn
Johnson,johnson_ia,ia
Butts,butts_ga,ga
Mesa,mesa_co,co
Hockley,hockley_tx,tx
Lincoln,lincoln_ok,ok
Autauga,autauga_al,al
Jefferson,jefferson_ne,ne
Green,green_wi,wi
Hampton,hampton_sc,sc
Hinsdale,hinsdale_co,co
Allega,allega_ny,ny
Carson,carson_tx,tx
Delaware,delaware_in,in
Jefferson,jefferson_ga,ga
Jefferson,jefferson_ky,ky
Pierce,pierce_ga,ga
Montcalm,montcalm_mi,mi
York,york_pa,pa
Marion,marion_mo,mo
Armstrong,armstrong_pa,pa
Madison,madison_tx,tx
Kenton,kenton_ky,ky
Chatham,chatham_ga,ga
Calhoun,calhoun_ia,ia
Lewis,lewis_wv,wv
Blaine,blaine_ok,ok
Croll,croll_ar,ar
Allegan,allegan_mi,mi
Juniata,juniata_pa,pa
Coconino,coconino_az,az
Victoria,victoria_tx,tx
Jackson,jackson_mo,mo
Lancaster,lancaster_va,va
Trumbull,trumbull_oh,oh
Mahoning,mahoning_oh,oh
Clay,clay_ky,ky
Montmorency,montmorency_mi,mi
Lamoille,lamoille_vt,vt
Harrison,harrison_mo,mo
Houston,houston_tn,tn
Washington,washington_tx,tx
Vigo,vigo_in,in
Marengo,marengo_al,al
Henry,henry_ga,ga
Lawrence,lawrence_ar,ar
Okeechobee,okeechobee_fl,fl
Randall,randall_tx,tx
Knox,knox_me,me
Beaverhead,beaverhead_mt,mt
Roanoke,roanoke_va,va
Scott,scott_va,va
Tipton,tipton_in,in
Bucks,bucks_pa,pa
Jim hogg,jim hogg_tx,tx
Pershing,pershing_nv,nv
Lawrence,lawrence_pa,pa
Union,union_or,or
Washington,washington_ne,ne
Porter,porter_in,in
Little river,little river_ar,ar
Washington,washington_ks,ks
Florence,florence_sc,sc
Waushara,waushara_wi,wi
Ellis,ellis_ks,ks
Stonewall,stonewall_tx,tx
Henry,henry_mo,mo
York,york_va,va
Jeff davis,jeff davis_tx,tx
Scott,scott_in,in
King george,king george_va,va
Clark,clark_il,il
Mchenry,mchenry_il,il
Stewart,stewart_tn,tn
Hooker,hooker_ne,ne
Mecosta,mecosta_mi,mi
Shelby,shelby_ky,ky
Pierce,pierce_wa,wa
Santa cruz,santa cruz_ca,ca
Knox,knox_ky,ky
Green lake,green lake_wi,wi
Pike,pike_il,il
Callahan,callahan_tx,tx
Reagan,reagan_tx,tx
Foster,foster_nd,nd
Roseau,roseau_mn,mn
Bowie,bowie_tx,tx
Seward,seward_ne,ne
Sioux,sioux_ne,ne
Transylvania,transylvania_nc,nc
Clark,clark_sd,sd
Pratt,pratt_ks,ks
Alleghany,alleghany_nc,nc
Decatur,decatur_ga,ga
Butler,butler_ks,ks
Powell,powell_mt,mt
Randolph,randolph_al,al
Tuscarawas,tuscarawas_oh,oh
Northumberland,northumberland_va,va
Archer,archer_tx,tx
Giles,giles_va,va
Logan,logan_co,co
Hancock,hancock_ia,ia
Mccone,mccone_mt,mt
Wilkes,wilkes_ga,ga
Meade,meade_ky,ky
Hart,hart_ky,ky
Park,park_mt,mt
Hyde,hyde_nc,nc
Walton,walton_fl,fl
Dallas,dallas_ia,ia
Whiteside,whiteside_il,il
Tate,tate_ms,ms
Menard,menard_tx,tx
Hitchcock,hitchcock_ne,ne
Crawford,crawford_mo,mo
Richmond,richmond_ga,ga
Magoffin,magoffin_ky,ky
Greenville,greenville_sc,sc
Howard,howard_ia,ia
Guthrie,guthrie_ia,ia
Morn,morn_ga,ga
Effingham,effingham_il,il
Howard,howard_mo,mo
Taos,taos_nm,nm
Chambers,chambers_al,al
Wasatch,wasatch_ut,ut
Fayette,fayette_tn,tn
Iowa,iowa_ia,ia
Maverick,maverick_tx,tx
Washington,washington_ok,ok
Burleson,burleson_tx,tx
Beckham,beckham_ok,ok
Beadle,beadle_sd,sd
Kewaunee,kewaunee_wi,wi
Fallon,fallon_mt,mt
Pennington,pennington_mn,mn
Lee,lee_ky,ky
Grayson,grayson_ky,ky
Clarke,clarke_al,al
Cabell,cabell_wv,wv
Lee,lee_tx,tx
Jackson,jackson_oh,oh
Sutter,sutter_ca,ca
Hunterdon,hunterdon_nj,nj
Garfield,garfield_ok,ok
Mercer,mercer_il,il
Cook,cook_mn,mn
Hudspeth,hudspeth_tx,tx
Jasper,jasper_tx,tx
Flathead,flathead_mt,mt
Barbour,barbour_wv,wv
Adams,adams_oh,oh
Niagara,niagara_ny,ny
Meade,meade_sd,sd
Brown,brown_sd,sd
Dakota,dakota_mn,mn
Sublette,sublette_wy,wy
Union,union_in,in
Wicomico,wicomico_md,md
Beaufort,beaufort_nc,nc
Mitchell,mitchell_nc,nc
Johnston,johnston_nc,nc
Ohio,ohio_ky,ky
Huerfano,huerfano_co,co
Kiowa,kiowa_ok,ok
Woodford,woodford_ky,ky
San juan,san juan_co,co
Russell,russell_al,al
Madison,madison_al,al
Hampshire,hampshire_ma,ma
Clay,clay_mo,mo
Brown,brown_il,il
Sutton,sutton_tx,tx
Appomattox,appomattox_va,va
Pike,pike_oh,oh
Tishomingo,tishomingo_ms,ms
Stillwater,stillwater_mt,mt
Brown,brown_mn,mn
Hempstead,hempstead_ar,ar
Hancock,hancock_ga,ga
Chesterfield,chesterfield_va,va
Plymouth,plymouth_ma,ma
Seneca,seneca_ny,ny
Carroll,carroll_md,md
Osage,osage_ks,ks
Mercer,mercer_wv,wv
Sanpete,sanpete_ut,ut
Madison,madison_mo,mo
Refugio,refugio_tx,tx
Lumpkin,lumpkin_ga,ga
Carbon,carbon_wy,wy
Lake,lake_or,or
Pasco,pasco_fl,fl
Broadwater,broadwater_mt,mt
Marlboro,marlboro_sc,sc
Lee,lee_sc,sc
Lawrence,lawrence_sd,sd
Logan,logan_wv,wv
Hawkins,hawkins_tn,tn
Cedar,cedar_ia,ia
Mineral,mineral_mt,mt
Pike,pike_pa,pa
Andrew,andrew_mo,mo
Iron,iron_wi,wi
Suffolk city,suffolk city_va,va
Davison,davison_sd,sd
Spalding,spalding_ga,ga
Clearfield,clearfield_pa,pa
Grant,grant_in,in
Highland,highland_oh,oh
Greene,greene_ga,ga
Winona,winona_mn,mn
Cheboygan,cheboygan_mi,mi
Fayette,fayette_in,in
Perry,perry_ms,ms
Butler,butler_ky,ky
Hampshire,hampshire_wv,wv
Teton,teton_mt,mt
Branch,branch_mi,mi
Howard,howard_tx,tx
Preble,preble_oh,oh
Greene,greene_tn,tn
Lincoln,lincoln_or,or
Fentress,fentress_tn,tn
Adams,adams_pa,pa
Nantucket town,nantucket town_ma,ma
Lamar,lamar_ms,ms
Warren,warren_ia,ia
Le flore,le flore_ok,ok
Murray,murray_mn,mn
Clark,clark_mo,mo
Gates,gates_nc,nc
Hall,hall_tx,tx
Nelson,nelson_ky,ky
New york,new york_ny,ny
Chase,chase_ne,ne
Charles,charles_md,md
Cumberland,cumberland_me,me
Posey,posey_in,in
Saguache,saguache_co,co
Wayne,wayne_ia,ia
Fayette,fayette_al,al
Kings,kings_ny,ny
Cherokee,cherokee_ga,ga
Ozaukee,ozaukee_wi,wi
Elk,elk_pa,pa
Thomas,thomas_ga,ga
Osage,osage_ok,ok
Potter,potter_tx,tx
St francois,st francois_mo,mo
Miami,miami_ks,ks
Hot springs,hot springs_wy,wy
Angelina,angelina_tx,tx
Early,early_ga,ga
Roger mills,roger mills_ok,ok
Ferry,ferry_wa,wa
Umatilla,umatilla_or,or
Marshall,marshall_tn,tn
San juan,san juan_ut,ut
Merrick,merrick_ne,ne
Nobles,nobles_mn,mn
Clay,clay_il,il
Racine,racine_wi,wi
Union,union_fl,fl
Boone,boone_ar,ar
Kalamazoo,kalamazoo_mi,mi
Litchfield,litchfield_ct,ct
Fond du lac,fond du lac_wi,wi
Pickett,pickett_tn,tn
Polk,polk_ga,ga
Washington,washington_ut,ut
Burnet,burnet_tx,tx
Pawe,pawe_ne,ne
Lee,lee_fl,fl
Oneida,oneida_ny,ny
Hendricks,hendricks_in,in
Monroe,monroe_pa,pa
Norton,norton_ks,ks
Washington,washington_vt,vt
Polk,polk_tn,tn
Faulk,faulk_sd,sd
Butler,butler_pa,pa
Greene,greene_ia,ia
Larue,larue_ky,ky
Warren,warren_ga,ga
Stutsman,stutsman_nd,nd
Wilson,wilson_ks,ks
Shelby,shelby_tx,tx
Renville,renville_nd,nd
Fremont,fremont_co,co
Iosco,iosco_mi,mi
Sioux,sioux_ia,ia
Jasper,jasper_ia,ia
Wood,wood_wv,wv
Aurora,aurora_sd,sd
Crockett,crockett_tn,tn
Lauderdale,lauderdale_tn,tn
Vinton,vinton_oh,oh
Crawford,crawford_ks,ks
Lincoln,lincoln_mn,mn
Pemiscot,pemiscot_mo,mo
Jackson,jackson_tx,tx
Calhoun,calhoun_mi,mi
Jackson,jackson_sd,sd
Alpena,alpena_mi,mi
Island,island_wa,wa
Edwards,edwards_tx,tx
Oakland,oakland_mi,mi
Clinch,clinch_ga,ga
Jefferson,jefferson_pa,pa
Paulding,paulding_ga,ga
Kiowa,kiowa_ks,ks
Cherokee,cherokee_ia,ia
Wayne,wayne_il,il
Grundy,grundy_ia,ia
Copiah,copiah_ms,ms
El dorado,el dorado_ca,ca
Irwin,irwin_ga,ga
Childress,childress_tx,tx
Scott,scott_ks,ks
Garfield,garfield_ut,ut
Bottineau,bottineau_nd,nd
Delaware,delaware_ia,ia
Sumter,sumter_fl,fl
Randolph,randolph_ga,ga
Randolph,randolph_il,il
Butte,butte_ca,ca
Franklin,franklin_ms,ms
Anderson,anderson_sc,sc
Dunn,dunn_wi,wi
Wayne,wayne_oh,oh
Custer,custer_co,co
Greene,greene_nc,nc
Clayton,clayton_ga,ga
George,george_ms,ms
Saline,saline_il,il
Dickson,dickson_tn,tn
Virginia beach city,virginia beach city_va,va
Finney,finney_ks,ks
Okaloosa,okaloosa_fl,fl
Osceola,osceola_ia,ia
Orange,orange_nc,nc
Ashtabula,ashtabula_oh,oh
Denton,denton_tx,tx
Hale,hale_tx,tx
Blaine,blaine_mt,mt
Washington,washington_oh,oh
Kern,kern_ca,ca
Founta,founta_in,in
Elk,elk_ks,ks
Sherman,sherman_or,or
Henry,henry_oh,oh
Murray,murray_ok,ok
Alexander,alexander_il,il
Yoakum,yoakum_tx,tx
Treutlen,treutlen_ga,ga
Middlesex,middlesex_ct,ct
Calhoun,calhoun_sc,sc
Lane,lane_or,or
Montgomery,montgomery_ia,ia
Wright,wright_mn,mn
Campbell,campbell_sd,sd
Barton,barton_mo,mo
Falls,falls_tx,tx
Kent,kent_ri,ri
Dekb,dekb_al,al
Isanti,isanti_mn,mn
Sharkey,sharkey_ms,ms
Cochran,cochran_tx,tx
Mobile,mobile_al,al
Guilford,guilford_nc,nc
Loup,loup_ne,ne
Madison,madison_in,in
Bourbon,bourbon_ky,ky
Ozark,ozark_mo,mo
Putnam,putnam_oh,oh
Phillips,phillips_co,co
Marshall,marshall_mn,mn
Wayne,wayne_pa,pa
Pike,pike_ms,ms
Mcpherson,mcpherson_ne,ne
Edwards,edwards_il,il
Butler,butler_al,al
Clark,clark_wi,wi
Banks,banks_ga,ga
Cedar,cedar_ne,ne
Labette,labette_ks,ks
Chilton,chilton_al,al
Rockingham,rockingham_nh,nh
Cook,cook_il,il
San joaquin,san joaquin_ca,ca
Trigg,trigg_ky,ky
Mclean,mclean_nd,nd
Barton,barton_ks,ks
Bolivar,bolivar_ms,ms
Jackson,jackson_fl,fl
Caddo,caddo_ok,ok
Page,page_va,va
Lincoln,lincoln_wv,wv
Tioga,tioga_pa,pa
Contra costa,contra costa_ca,ca
Mercer,mercer_mo,mo
Augusta,augusta_va,va
Summit,summit_oh,oh
Sullivan,sullivan_in,in
Marin,marin_ca,ca
Adams,adams_co,co
Barren,barren_ky,ky
Mason,mason_il,il
Montgomery,montgomery_ar,ar
Columbia,columbia_fl,fl
Pocahontas,pocahontas_ia,ia
Arapahoe,arapahoe_co,co
Meigs,meigs_oh,oh
Valley,valley_id,id
Piatt,piatt_il,il
Perquimans,perquimans_nc,nc
Wetzel,wetzel_wv,wv
Deer lodge,deer lodge_mt,mt
Noble,noble_oh,oh
Cowlitz,cowlitz_wa,wa
Jeff davis,jeff davis_ga,ga
Swift,swift_mn,mn
Wells,wells_in,in
Alameda,alameda_ca,ca
Brule,brule_sd,sd
Iredell,iredell_nc,nc
Carroll,carroll_il,il
Madison,madison_ms,ms
Debaca,debaca_nm,nm
Ashe,ashe_nc,nc
Wayne,wayne_mi,mi
Nevada,nevada_ar,ar
Marshall,marshall_ia,ia
Ringgold,ringgold_ia,ia
Madison,madison_mt,mt
Waldo,waldo_me,me
Nez perce,nez perce_id,id
Cheyen,cheyen_ne,ne
Cass,cass_il,il
Geneva,geneva_al,al
Coles,coles_il,il
Roscommon,roscommon_mi,mi
Delaware,delaware_pa,pa
Schuyler,schuyler_il,il
Sheridan,sheridan_ne,ne
Licking,licking_oh,oh
Citrus,citrus_fl,fl
Lincoln,lincoln_me,me
Skamania,skamania_wa,wa
Los alamos,los alamos_nm,nm
Morrill,morrill_ne,ne
Allendale,allendale_sc,sc
Crook,crook_wy,wy
Cumberland,cumberland_pa,pa
Hamilton,hamilton_oh,oh
Lafayette,lafayette_wi,wi
Mclean,mclean_ky,ky
Jackson,jackson_co,co
Burke,burke_nd,nd
Mcmullen,mcmullen_tx,tx
Newport,newport_ri,ri
Buffalo,buffalo_sd,sd
Calhoun,calhoun_tx,tx
Howard,howard_md,md
Jefferson,jefferson_tx,tx
Harrison,harrison_ia,ia
Williamson,williamson_tx,tx
Stark,stark_oh,oh
La p,la p_az,az
Montgomery,montgomery_tn,tn
Polk,polk_ia,ia
Hanover,hanover_va,va
Grundy,grundy_il,il
Crowley,crowley_co,co
Henderson,henderson_tx,tx
Breckinridge,breckinridge_ky,ky
Martin,martin_ky,ky
Franklin,franklin_tx,tx
Fayette,fayette_ky,ky
Rolette,rolette_nd,nd
Emmet,emmet_ia,ia
Saratoga,saratoga_ny,ny
Lonoke,lonoke_ar,ar
Wolfe,wolfe_ky,ky
Clay,clay_tx,tx
Lincoln,lincoln_mo,mo
Charlotte,charlotte_va,va
Cheshire,cheshire_nh,nh
Hamilton,hamilton_ny,ny
Ramsey,ramsey_mn,mn
Wheeler,wheeler_ne,ne
Hamton,hamton_il,il
Mercer,mercer_nj,nj
Shannon  sd,shannon  sd_(discontinued),(discontinued)
Twin falls,twin falls_id,id
Crosby,crosby_tx,tx
Walthall,walthall_ms,ms
Sevier,sevier_ar,ar
Clark,clark_ky,ky
Rock island,rock island_il,il
Brooks,brooks_ga,ga
Manatee,manatee_fl,fl
Jones,jones_tx,tx
Palo pinto,palo pinto_tx,tx
Wayne,wayne_in,in
Hughes,hughes_sd,sd
Haakon,haakon_sd,sd
Jasper,jasper_mo,mo
Effingham,effingham_ga,ga
Oconee,oconee_ga,ga
Shannon,shannon_mo,mo
Horry,horry_sc,sc
Red lake,red lake_mn,mn
Nelson,nelson_va,va
Franklin,franklin_ga,ga
Mineral,mineral_co,co
Mcdowell,mcdowell_nc,nc
Kenosha,kenosha_wi,wi
Vae,vae_nc,nc
Crawford,crawford_ar,ar
Mellette,mellette_sd,sd
Warren,warren_il,il
Twiggs,twiggs_ga,ga
Sheridan,sheridan_mt,mt
Clinton,clinton_ia,ia
Lee,lee_il,il
Craven,craven_nc,nc
Olmsted,olmsted_mn,mn
Cumberland,cumberland_ky,ky
Muhlenberg,muhlenberg_ky,ky
York,york_ne,ne
Swisher,swisher_tx,tx
Esmeralda,esmeralda_nv,nv
Hays,hays_tx,tx
Hidalgo,hidalgo_nm,nm
Saline,saline_ar,ar
Douglas,douglas_ks,ks
Mills,mills_tx,tx
Columbia,columbia_or,or
Leavenworth,leavenworth_ks,ks
Clare,clare_mi,mi
Dorchester,dorchester_md,md
Scott,scott_il,il
Camden,camden_mo,mo
Cass,cass_nd,nd
Spartanburg,spartanburg_sc,sc
Clark,clark_id,id
Macon,macon_il,il
Inyo,inyo_ca,ca
Marquette,marquette_wi,wi
Abbeville,abbeville_sc,sc
Panola,panola_ms,ms
Rutherford,rutherford_tn,tn
Jefferson,jefferson_ok,ok
Maha,maha_ne,ne
Bertie,bertie_nc,nc
Crawford,crawford_mi,mi
New castle,new castle_de,de
Waseca,waseca_mn,mn
Juneau,juneau_wi,wi
Marion,marion_tn,tn
Tioga,tioga_ny,ny
Strafford,strafford_nh,nh
New hanover,new hanover_nc,nc
Amherst,amherst_va,va
Sumter,sumter_ga,ga
Luna,luna_nm,nm
Linn,linn_or,or
Kimball,kimball_ne,ne
Lewis,lewis_mo,mo
Andrews,andrews_tx,tx
Scurry,scurry_tx,tx
Live oak,live oak_tx,tx
Dawson,dawson_ne,ne
Chatham,chatham_nc,nc
Lee,lee_va,va
Santa clara,santa clara_ca,ca
Herkimer,herkimer_ny,ny
Mitchell,mitchell_ks,ks
Deaf smith,deaf smith_tx,tx
Mower,mower_mn,mn
Colonial heights city,colonial heights city_va,va
Warren,warren_oh,oh
Rockbridge,rockbridge_va,va
Monroe,monroe_il,il
Jones,jones_ia,ia
Harlan,harlan_ne,ne
Wakulla,wakulla_fl,fl
Richmond city,richmond city_va,va
Colusa,colusa_ca,ca
Montgomery,montgomery_ga,ga
Livingston,livingston_il,il
Brunswick,brunswick_va,va
Crockett,crockett_tx,tx
Arenac,arenac_mi,mi
Martin,martin_nc,nc
Morgan,morgan_il,il
Essex,essex_va,va
Milwaukee,milwaukee_wi,wi
Codington,codington_sd,sd
Hopkins,hopkins_tx,tx
Big stone,big stone_mn,mn
Asotin,asotin_wa,wa
Secy,secy_ar,ar
Dodge,dodge_wi,wi
Sargent,sargent_nd,nd
Upshur,upshur_wv,wv
Torrance,torrance_nm,nm
Mrow,mrow_or,or
Navarro,navarro_tx,tx
Randolph,randolph_in,in
Nejos,nejos_co,co
Isabella,isabella_mi,mi
Harper,harper_ks,ks
Clay,clay_ga,ga
Washington,washington_id,id
White pine,white pine_nv,nv
Duchesne,duchesne_ut,ut
Worth,worth_mo,mo
Marshl,marshl_al,al
Throckmorton,throckmorton_tx,tx
Giles,giles_tn,tn
Forest,forest_wi,wi
Carbon,carbon_ut,ut
Coal,coal_ok,ok
Wythe,wythe_va,va
Houghton,houghton_mi,mi
Lake,lake_oh,oh
Webster,webster_ne,ne
Floyd,floyd_ia,ia
Haskell,haskell_ks,ks
Hardeman,hardeman_tx,tx
Apache,apache_az,az
Washoe,washoe_nv,nv
Beaver,beaver_pa,pa
Big horn,big horn_mt,mt
Dixie,dixie_fl,fl
Brantley,brantley_ga,ga
Knott,knott_ky,ky
Cass,cass_mo,mo
Marion,marion_ky,ky
Cherokee,cherokee_nc,nc
Mayes,mayes_ok,ok
Jefferson,jefferson_il,il
Shelby,shelby_al,al
Dupage,dupage_il,il
Shelby,shelby_il,il
Gunnison,gunnison_co,co
Wker,wker_al,al
Denver city,denver city_co,co
Canyon,canyon_id,id
Bledsoe,bledsoe_tn,tn
Brevard,brevard_fl,fl
Mahnomen,mahnomen_mn,mn
Adair,adair_mo,mo
Parke,parke_in,in
Whitley,whitley_in,in
Montgomery,montgomery_va,va
Buombe,buombe_nc,nc
Douglas,douglas_ne,ne
Jones,jones_ga,ga
Union,union_sd,sd
Muskegon,muskegon_mi,mi
Cobb,cobb_ga,ga
Franklin,franklin_ne,ne
Hancock,hancock_wv,wv
Coryell,coryell_tx,tx
Fayette,fayette_oh,oh
Chaffee,chaffee_co,co
Las animas,las animas_co,co
Rogers,rogers_ok,ok
Desoto,desoto_fl,fl
Woodson,woodson_ks,ks
Day,day_sd,sd
Marshall,marshall_in,in
Buena vista city,buena vista city_va,va
Pike,pike_ar,ar
Henderson,henderson_tn,tn
Columbia,columbia_pa,pa
Montgomery,montgomery_md,md
Pendleton,pendleton_ky,ky
Zapata,zapata_tx,tx
Cuyahoga,cuyahoga_oh,oh
Elko,elko_nv,nv
Wharton,wharton_tx,tx
Russell,russell_ky,ky
Antelope,antelope_ne,ne
Hamilton,hamilton_ks,ks
Niteau,niteau_mo,mo
Gilchrist,gilchrist_fl,fl
Jackson,jackson_ky,ky
Jefferson,jefferson_oh,oh
Somerset,somerset_nj,nj
San juan,san juan_wa,wa
Grand,grand_ut,ut
Hardin,hardin_ky,ky
Owen,owen_ky,ky
Duplin,duplin_nc,nc
Queen annes,queen annes_md,md
Warren,warren_in,in
Jefferson,jefferson_fl,fl
Marion,marion_ks,ks
Teton,teton_id,id
Mccurtain,mccurtain_ok,ok
Ventura,ventura_ca,ca
Fairfield,fairfield_sc,sc
Paulding,paulding_oh,oh
St louis,st louis_mo,mo
Grant,grant_nd,nd
Kootenai,kootenai_id,id
San juan,san juan_nm,nm
Mcpherson,mcpherson_ks,ks
Hancock,hancock_in,in
Carbon,carbon_pa,pa
Kent,kent_de,de
Clay,clay_ne,ne
Dekalb,dekalb_ga,ga
Bracken,bracken_ky,ky
Gregg,gregg_tx,tx
Ulster,ulster_ny,ny
Unicoi,unicoi_tn,tn
Defiance,defiance_oh,oh
Franklin,franklin_mo,mo
Decatur,decatur_tn,tn
Pender,pender_nc,nc
Middlesex,middlesex_nj,nj
Hettinger,hettinger_nd,nd
Izd,izd_ar,ar
Grant,grant_wi,wi
Antrim,antrim_mi,mi
Fillmore,fillmore_mn,mn
Newton,newton_tx,tx
Merced,merced_ca,ca
Lamar,lamar_tx,tx
Dallas,dallas_mo,mo
Meriwether,meriwether_ga,ga
Benton,benton_ms,ms
Oxford,oxford_me,me
Providence,providence_ri,ri
Mecklenburg,mecklenburg_nc,nc
Bartholomew,bartholomew_in,in
Kittitas,kittitas_wa,wa
Haywood,haywood_tn,tn
Willacy,willacy_tx,tx
Cedar,cedar_mo,mo
Anderson,anderson_ky,ky
Hand,hand_sd,sd
Carroll,carroll_ms,ms
Lincoln,lincoln_wi,wi
Madison,madison_il,il
Sierra,sierra_nm,nm
Mcculloch,mcculloch_tx,tx
Brown,brown_wi,wi
Ripley,ripley_in,in
Wapello,wapello_ia,ia
Alfalfa,alfalfa_ok,ok
Wheeler,wheeler_or,or
Boyle,boyle_ky,ky
Saline,saline_ks,ks
Harris,harris_tx,tx
Clay,clay_fl,fl
Lunenburg,lunenburg_va,va
Morgan,morgan_al,al
Wright,wright_mo,mo
Taylor,taylor_ga,ga
Union,union_oh,oh
Benton,benton_ia,ia
Georgetown,georgetown_sc,sc
Halifax,halifax_va,va
Allamakee,allamakee_ia,ia
Perkins,perkins_sd,sd
Cuming,cuming_ne,ne
Camden,camden_ga,ga
Comanche,comanche_ks,ks
Bibb,bibb_al,al
Gallatin,gallatin_il,il
Ottawa,ottawa_ks,ks
Hutchinson,hutchinson_sd,sd
Chouteau,chouteau_mt,mt
Valley,valley_ne,ne
Greene,greene_ny,ny
Baylor,baylor_tx,tx
Clark,clark_ks,ks
Centre,centre_pa,pa
Chippewa,chippewa_mn,mn
Gwinnett,gwinnett_ga,ga
Hemphill,hemphill_tx,tx
Madison,madison_ar,ar
Iron,iron_ut,ut
Barnes,barnes_nd,nd
Grundy,grundy_tn,tn
Lyon,lyon_ia,ia
Simpson,simpson_ms,ms
Washington,washington_al,al
Clay,clay_mn,mn
Jefferson davis,jefferson davis_ms,ms
Crawford,crawford_in,in
Walworth,walworth_sd,sd
Oregon,oregon_mo,mo
Barnstable,barnstable_ma,ma
Cheatham,cheatham_tn,tn
Mckean,mckean_pa,pa
Doddridge,doddridge_wv,wv
Ballard,ballard_ky,ky
Penobscot,penobscot_me,me
Dawes,dawes_ne,ne
Chippewa,chippewa_wi,wi
Bedford,bedford_pa,pa
Logan,logan_oh,oh
Covington,covington_ms,ms
Lackawanna,lackawanna_pa,pa
Logan,logan_nd,nd
Orangeburg,orangeburg_sc,sc
Morrison,morrison_mn,mn
Ector,ector_tx,tx
Carter,carter_mt,mt
Blount,blount_al,al
St charles,st charles_mo,mo
Jackson,jackson_in,in
Parker,parker_tx,tx
Coffee,coffee_al,al
Concho,concho_tx,tx
Trimble,trimble_ky,ky
Sedgwick,sedgwick_co,co
Holmes,holmes_oh,oh
Harrison,harrison_oh,oh
Hoke,hoke_nc,nc
Walworth,walworth_wi,wi
Eagle,eagle_co,co
Martin,martin_tx,tx
Monroe,monroe_ms,ms
Harrison,harrison_ms,ms
Jackson,jackson_ms,ms
Kankakee,kankakee_il,il
St louis city,st louis city_mo,mo
Plumas,plumas_ca,ca
Noble,noble_in,in
Pike,pike_ky,ky
Haralson,haralson_ga,ga
Orange,orange_tx,tx
Caledonia,caledonia_vt,vt
Weakley,weakley_tn,tn
Arlington,arlington_va,va
Phillips,phillips_mt,mt
Murray,murray_ga,ga
New london,new london_ct,ct
Cole,cole_mo,mo
Crow wing,crow wing_mn,mn
Maricopa,maricopa_az,az
Bradley,bradley_ar,ar
Stanley,stanley_sd,sd
Colfax,colfax_ne,ne
Hood,hood_tx,tx
Corson,corson_sd,sd
Grady,grady_ga,ga
Bradley,bradley_tn,tn
Scott,scott_ar,ar
Norfolk,norfolk_ma,ma
Bonneville,bonneville_id,id
Hardin,hardin_oh,oh
Rensselaer,rensselaer_ny,ny
Alamosa,alamosa_co,co
Maury,maury_tn,tn
Kemper,kemper_ms,ms
Washington,washington_ky,ky
Culberson,culberson_tx,tx
Hart,hart_ga,ga
Liberty,liberty_mt,mt
Gogebic,gogebic_mi,mi
Choctaw,choctaw_al,al
Thayer,thayer_ne,ne
Athens,athens_oh,oh
Seminole,seminole_ok,ok
Payette,payette_id,id
Madison,madison_fl,fl
Frederick,frederick_va,va
Prince william,prince william_va,va
Atlantic,atlantic_nj,nj
Fayette,fayette_ia,ia
Forest,forest_pa,pa
Hamilton,hamilton_tn,tn
Kit carson,kit carson_co,co
Langlade,langlade_wi,wi
Pacific,pacific_wa,wa
Rawlins,rawlins_ks,ks
Grant,grant_nm,nm
Putnam,putnam_ny,ny
Anoka,anoka_mn,mn
Santa rosa,santa rosa_fl,fl
Madison,madison_tn,tn
Mercer,mercer_ky,ky
Dland,dland_mi,mi
Lafayette,lafayette_ar,ar
Bullitt,bullitt_ky,ky
Oconto,oconto_wi,wi
Salem city,salem city_va,va
Mackinac,mackinac_mi,mi
Lucas,lucas_oh,oh
Gilpin,gilpin_co,co
Clear creek,clear creek_co,co
Sumner,sumner_tn,tn
Hamilton,hamilton_ia,ia
Baltimore city,baltimore city_md,md
Petroleum,petroleum_mt,mt
Highlands,highlands_fl,fl
Logan,logan_il,il
Sandusky,sandusky_oh,oh
Middlesex,middlesex_ma,ma
Sequoyah,sequoyah_ok,ok
Lawrence,lawrence_ky,ky
Warren,warren_ny,ny
Oconee,oconee_sc,sc
Gaines,gaines_tx,tx
Ford,ford_il,il
Jefferson,jefferson_id,id
Surry,surry_nc,nc
Columbus,columbus_nc,nc
Steuben,steuben_in,in
Dade,dade_mo,mo
Macon,macon_nc,nc
Lowndes,lowndes_ga,ga
Otoe,otoe_ne,ne
Treasure,treasure_mt,mt
Lewis,lewis_id,id
Christian,christian_il,il
Hartford,hartford_ct,ct
Chariton,chariton_mo,mo
Gem,gem_id,id
Shasta,shasta_ca,ca
Sedgwick,sedgwick_ks,ks
Carroll,carroll_mo,mo
Lyon,lyon_ky,ky
Kent,kent_mi,mi
Polk,polk_ar,ar
Jackson,jackson_il,il
Terrell,terrell_tx,tx
Clarion,clarion_pa,pa
Wabash,wabash_in,in
Alcorn,alcorn_ms,ms
Calvert,calvert_md,md
Lucas,lucas_ia,ia
Webb,webb_tx,tx
Mart,mart_in,in
Nye,nye_nv,nv
Oneida,oneida_wi,wi
Essex,essex_ma,ma
St clair,st clair_mi,mi
Houston,houston_mn,mn
Caldwell,caldwell_mo,mo
Elmore,elmore_id,id
Washington,washington_ga,ga
Pepin,pepin_wi,wi
Hampden,hampden_ma,ma
Hopewell city,hopewell city_va,va
Mcpherson,mcpherson_sd,sd
Warren,warren_pa,pa
Boone,boone_in,in
Hancock,hancock_oh,oh
Putnam,putnam_il,il
Lawrence,lawrence_tn,tn
Burt,burt_ne,ne
San benito,san benito_ca,ca
Nelson,nelson_nd,nd
Wichita,wichita_tx,tx
Sorset,sorset_me,me
Madison,madison_oh,oh
Mason,mason_wa,wa
Knox,knox_mo,mo
Warren,warren_ky,ky
Ata,ata_ok,ok
Ida,ida_ia,ia
Sequatchie,sequatchie_tn,tn
Union,union_ia,ia
Hyde,hyde_sd,sd
Bedford,bedford_va,va
Lake,lake_mt,mt
Monroe,monroe_in,in
Muscogee,muscogee_ga,ga
Liberty,liberty_tx,tx
Cottonwood,cottonwood_mn,mn
Dawson,dawson_tx,tx
Fillmore,fillmore_ne,ne
Stark,stark_il,il
Crittenden,crittenden_ky,ky
Mion,mion_ar,ar
Danville city,danville city_va,va
Pocahontas,pocahontas_wv,wv
Hinds,hinds_ms,ms
Fannin,fannin_ga,ga
Noxubee,noxubee_ms,ms
Fairfax city,fairfax city_va,va
Edgecombe,edgecombe_nc,nc
Clark,clark_in,in
Laurens,laurens_ga,ga
Salt lake,salt lake_ut,ut
Aransas,aransas_tx,tx
Cache,cache_ut,ut
Bath,bath_va,va
Gilmer,gilmer_ga,ga
Aiken,aiken_sc,sc
Owsley,owsley_ky,ky
Lincoln,lincoln_ne,ne
Dade,dade_ga,ga
Lamoure,lamoure_nd,nd
Wells,wells_nd,nd
Cherokee,cherokee_sc,sc
Fayette,fayette_ga,ga
Sullivan,sullivan_nh,nh
Rowan,rowan_ky,ky
Turner,turner_ga,ga
Avery,avery_nc,nc
Burke,burke_ga,ga
Lagrange,lagrange_in,in
Lehigh,lehigh_pa,pa
Prairie,prairie_ar,ar
Dekalb,dekalb_mo,mo
Benton,benton_mn,mn
Glynn,glynn_ga,ga
Fulton,fulton_pa,pa
Southampton,southampton_va,va
Hamilton,hamilton_tx,tx
Polk,polk_mn,mn
Washington,washington_nc,nc
Charlotte,charlotte_fl,fl
Bergen,bergen_nj,nj
Bowman,bowman_nd,nd
Jefferson,jefferson_mt,mt
Harrison,harrison_tx,tx
Crane,crane_tx,tx
Alamae,alamae_nc,nc
Haskell,haskell_tx,tx
Macoupin,macoupin_il,il
Bastrop,bastrop_tx,tx
Philadelphia city,philadelphia city_pa,pa
Knox,knox_tx,tx
Taliaferro,taliaferro_ga,ga
Camp,camp_tx,tx
Harrison,harrison_in,in
Niobrara,niobrara_wy,wy
Grant,grant_mn,mn
Manassas park city,manassas park city_va,va
Clay,clay_sd,sd
Ah,ah_ut,ut
Leflore,leflore_ms,ms
Chase,chase_ks,ks
Deuel,deuel_ne,ne
Stokes,stokes_nc,nc
Pondera,pondera_mt,mt
Macon,macon_mo,mo
Tlapoosa,tlapoosa_al,al
Shelby,shelby_ia,ia
Faribault,faribault_mn,mn
Switzerland,switzerland_in,in
Adams,adams_nd,nd
Stephens,stephens_ga,ga
Hancock,hancock_il,il
Tladega,tladega_al,al
Kossuth,kossuth_ia,ia
Eastland,eastland_tx,tx
Nueces,nueces_tx,tx
Phelps,phelps_mo,mo
Garrard,garrard_ky,ky
Hot spring,hot spring_ar,ar
Hopkins,hopkins_ky,ky
Union,union_nc,nc
Albany,albany_wy,wy
Texas,texas_mo,mo
Baker,baker_or,or
Franklin,franklin_id,id
Essex,essex_ny,ny
Brooke,brooke_wv,wv
Monroe,monroe_ar,ar
Santa cruz,santa cruz_az,az
Westmoreland,westmoreland_pa,pa
Harlan,harlan_ky,ky
Klickitat,klickitat_wa,wa
Webster,webster_ga,ga
Divide,divide_nd,nd
Seminole,seminole_fl,fl
Mcintosh,mcintosh_nd,nd
Elliott,elliott_ky,ky
Grundy,grundy_mo,mo
Tom green,tom green_tx,tx
Pasquotank,pasquotank_nc,nc
Brookings,brookings_sd,sd
Prince george,prince george_va,va
Perry,perry_ar,ar
Grant,grant_ok,ok
Golden valley,golden valley_nd,nd
Nnebago,nnebago_wi,wi
Floyd,floyd_va,va
Bath,bath_ky,ky
Long,long_ga,ga
Platte,platte_wy,wy
Knox,knox_oh,oh
Northampton,northampton_pa,pa
Burlington,burlington_nj,nj
Wright,wright_ia,ia
Blair,blair_pa,pa
Tripp,tripp_sd,sd
Clatsop,clatsop_or,or
San francisco city,san francisco city_ca,ca
Gilliam,gilliam_or,or
Casey,casey_ky,ky
Harrison,harrison_wv,wv
Sherman,sherman_ne,ne
Monroe,monroe_wi,wi
Somerset,somerset_md,md
Renville,renville_mn,mn
Riverside,riverside_ca,ca
Snyder,snyder_pa,pa
Talbot,talbot_ga,ga
Dakota,dakota_ne,ne
Union,union_sc,sc
Liberty,liberty_ga,ga
Grand traverse,grand traverse_mi,mi
Columbia,columbia_ar,ar
Thurston,thurston_ne,ne
Macon,macon_tn,tn
Yuba,yuba_ca,ca
Matagorda,matagorda_tx,tx
Tippah,tippah_ms,ms
Jackson,jackson_nc,nc
Richardson,richardson_ne,ne
Dauphin,dauphin_pa,pa
Orleans,orleans_vt,vt
Yalobusha,yalobusha_ms,ms
Noble,noble_ok,ok
Genesee,genesee_mi,mi
Eaton,eaton_mi,mi
Douglas,douglas_il,il
Gordon,gordon_ga,ga
Daniels,daniels_mt,mt
Smyth,smyth_va,va
Wood,wood_tx,tx
Clay,clay_ar,ar
Orange,orange_fl,fl
Montgomery,montgomery_al,al
Gilmer,gilmer_wv,wv
Henderson,henderson_il,il
Clark,clark_oh,oh
Houston,houston_ga,ga
Chautauqua,chautauqua_ks,ks
Chippewa,chippewa_mi,mi
Black hawk,black hawk_ia,ia
Allen,allen_ks,ks
Onea,onea_id,id
Davie,davie_nc,nc
Laurel,laurel_ky,ky
Pierce,pierce_ne,ne
Pike,pike_ga,ga
Medina,medina_tx,tx
Wheatland,wheatland_mt,mt
Griggs,griggs_nd,nd
Humphreys,humphreys_ms,ms
Coffey,coffey_ks,ks
Logan,logan_ok,ok
Moody,moody_sd,sd
Jasper,jasper_il,il
Grant,grant_ks,ks
Bonner,bonner_id,id
Choun,choun_al,al
Greeley,greeley_ks,ks
Choctaw,choctaw_ms,ms
Kendall,kendall_tx,tx
Powhatan,powhatan_va,va
Wayne,wayne_ny,ny
Roosevelt,roosevelt_mt,mt
Wayne,wayne_ut,ut
Logan,logan_ky,ky
Morgan,morgan_co,co
Power,power_id,id
Pierce,pierce_wi,wi
Clarendon,clarendon_sc,sc
Fremont,fremont_id,id
Marshall,marshall_il,il
Wl,wl_il,il
Durham,durham_nc,nc
Wayne,wayne_mo,mo
Chester,chester_pa,pa
Emery,emery_ut,ut
Lowndes,lowndes_al,al
Palo alto,palo alto_ia,ia
Jay,jay_in,in
Dickinson,dickinson_ks,ks
Scott,scott_ky,ky
Teller,teller_co,co
Benton,benton_mo,mo
Braxton,braxton_wv,wv
Sevier,sevier_tn,tn
Talbot,talbot_md,md
Fremont,fremont_wy,wy
Edmunds,edmunds_sd,sd
Letcher,letcher_ky,ky
Iowa,iowa_wi,wi
Uintah,uintah_ut,ut
Bates,bates_mo,mo
Catoosa,catoosa_ga,ga
Columbia,columbia_ga,ga
Dane,dane_wi,wi
Orleans,orleans_ny,ny
Lake,lake_tn,tn
Traill,traill_nd,nd
Deuel,deuel_sd,sd
Greene,greene_va,va
Jenkins,jenkins_ga,ga
Lafayette,lafayette_mo,mo
Morgan,morgan_ut,ut
Monroe,monroe_ky,ky
Ramsey,ramsey_nd,nd
Mcduffie,mcduffie_ga,ga
Sheboygan,sheboygan_wi,wi
Schleicher,schleicher_tx,tx
Broome,broome_ny,ny
Itasca,itasca_mn,mn
Broomfield city,broomfield city_co,co
Clay,clay_in,in
Oliver,oliver_nd,nd
Cibola,cibola_nm,nm
Curry,curry_nm,nm
Dubuque,dubuque_ia,ia
Shelby,shelby_in,in
Sussex,sussex_va,va
Windsor,windsor_vt,vt
Humboldt,humboldt_ca,ca
Hardy,hardy_wv,wv
Claiborne,claiborne_ms,ms
Charles mix,charles mix_sd,sd
Davis,davis_ut,ut
Arthur,arthur_ne,ne
Churchill,churchill_nv,nv
Tift,tift_ga,ga
Berkeley,berkeley_sc,sc
Comanche,comanche_tx,tx
Gage,gage_ne,ne
Barrow,barrow_ga,ga
Mineral,mineral_wv,wv
Nuckolls,nuckolls_ne,ne
Tuscola,tuscola_mi,mi
Sarpy,sarpy_ne,ne
Elbert,elbert_co,co
Josephine,josephine_or,or
Washington,washington_tn,tn
Freeborn,freeborn_mn,mn
Dona ana,dona ana_nm,nm
Jessamine,jessamine_ky,ky
Knox,knox_in,in
Scott,scott_mo,mo
Cannon,cannon_tn,tn
Montgomery,montgomery_oh,oh
Calloway,calloway_ky,ky
Phillips,phillips_ks,ks
Colfax,colfax_nm,nm
Cleveland,cleveland_ar,ar
Washington,washington_pa,pa
Caswell,caswell_nc,nc
Obion,obion_tn,tn
Stilla,stilla_co,co
Morgan,morgan_ky,ky
Mcminn,mcminn_tn,tn
Robeson,robeson_nc,nc
Macon,macon_al,al
Lenawee,lenawee_mi,mi
Swain,swain_nc,nc
Baca,baca_co,co
Bell,bell_ky,ky
Richland,richland_wi,wi
Yakima,yakima_wa,wa
Columbiana,columbiana_oh,oh
Kalkaska,kalkaska_mi,mi
Winnebago,winnebago_il,il
Woodbury,woodbury_ia,ia
Ocean,ocean_nj,nj
Bamberg,bamberg_sc,sc
Caribou,caribou_id,id
Sumter,sumter_sc,sc
Titus,titus_tx,tx
Morgan,morgan_oh,oh
Otero,otero_nm,nm
Natrona,natrona_wy,wy
Ionia,ionia_mi,mi
Mingo,mingo_wv,wv
Clay,clay_ia,ia
Santa fe,santa fe_nm,nm
Jackson,jackson_ga,ga
Boundary,boundary_id,id
Dickinson,dickinson_mi,mi
Marshall,marshall_sd,sd
Anderson,anderson_ks,ks
Rutherford,rutherford_nc,nc
Blue earth,blue earth_mn,mn
Scott,scott_mn,mn
Ouachita,ouachita_ar,ar
Linln,linln_co,co
Rains,rains_tx,tx
Fairfield,fairfield_oh,oh
Indian river,indian river_fl,fl
Washita,washita_ok,ok
Dallam,dallam_tx,tx
Buckingham,buckingham_va,va
Livingston,livingston_mi,mi
Crawford,crawford_ga,ga
Cass,cass_in,in
Nash,nash_nc,nc
Nolan,nolan_tx,tx
Poinsett,poinsett_ar,ar
Caldwell,caldwell_ky,ky
Red willow,red willow_ne,ne
Marion,marion_in,in
Charles city,charles city_va,va
Miller,miller_ar,ar
Campbell,campbell_wy,wy
Millard,millard_ut,ut
Decatur,decatur_ia,ia
Custer,custer_ne,ne
Chickasaw,chickasaw_ia,ia
Stanly,stanly_nc,nc
Stearns,stearns_mn,mn
Franklin,franklin_fl,fl
Winnebago,winnebago_ia,ia
Benson,benson_nd,nd
Massac,massac_il,il
Kanawha,kanawha_wv,wv
Menonee,menonee_mi,mi
Lyon,lyon_nv,nv
Franklin,franklin_va,va
Story,story_ia,ia
Kingman,kingman_ks,ks
Whitley,whitley_ky,ky
Kennebec,kennebec_me,me
Hamblen,hamblen_tn,tn
Harnett,harnett_nc,nc
Reeves,reeves_tx,tx
Chicot,chicot_ar,ar
Claiborne,claiborne_tn,tn
Clinton,clinton_il,il
Roo,roo_ks,ks
Franklin,franklin_tn,tn
Benzie,benzie_mi,mi
Humboldt,humboldt_nv,nv
St clair,st clair_il,il
Adair,adair_ok,ok
Lincoln,lincoln_nm,nm
Collingsworth,collingsworth_tx,tx
Newton,newton_ga,ga
Washington,washington_ri,ri
Cape may,cape may_nj,nj
Callaway,callaway_mo,mo
Grant,grant_wv,wv
Jo daviess,jo daviess_il,il
Buchanan,buchanan_ia,ia
Metcalfe,metcalfe_ky,ky
Pie,pie_ut,ut
Henry,henry_al,al
Merrimack,merrimack_nh,nh
Appling,appling_ga,ga
Foard,foard_tx,tx
Alachua,alachua_fl,fl
Kansas,kansas_ar,ar
Grenada,grenada_ms,ms
Johnson,johnson_ar,ar
Pleasants,pleasants_wv,wv
Madison,madison_ky,ky
Auglaize,auglaize_oh,oh
Prowers,prowers_co,co
San bernardino,san bernardino_ca,ca
Midland,midland_tx,tx
Fall river,fall river_sd,sd
Franklin,franklin_al,al
Hood river,hood river_or,or
Johnston,johnston_ok,ok
Carter,carter_tn,tn
Manistee,manistee_mi,mi
Daviess,daviess_ky,ky
Winchester city,winchester city_va,va
Osceola,osceola_fl,fl
Jefferson,jefferson_wa,wa
Yellowstone,yellowstone_mt,mt
Morgan,morgan_wv,wv
Martin,martin_fl,fl
Monroe,monroe_tn,tn
Parmer,parmer_tx,tx
Smith,smith_ms,ms
Travis,travis_tx,tx
Manassas city,manassas city_va,va
Stanton,stanton_ks,ks
Montgomery,montgomery_pa,pa
Boulder,boulder_co,co
Tehama,tehama_ca,ca
Lake,lake_fl,fl
Franklin,franklin_vt,vt
Judith basin,judith basin_mt,mt
Ritchie,ritchie_wv,wv
Harris,harris_ga,ga
Meagher,meagher_mt,mt
Warrick,warrick_in,in
Lawrence,lawrence_ms,ms
St louis,st louis_mn,mn
Oscoda,oscoda_mi,mi
Berkshire,berkshire_ma,ma
Sampson,sampson_nc,nc
Rgan,rgan_mo,mo
King william,king william_va,va
Otter tail,otter tail_mn,mn
Chesterfield,chesterfield_sc,sc
Polk,polk_mo,mo
Camden,camden_nc,nc
Richmond,richmond_nc,nc
Frontier,frontier_ne,ne
Richland,richland_sc,sc
Sherman,sherman_ks,ks
Eddy,eddy_nm,nm
El paso,el paso_co,co
Jackson,jackson_al,al
Charlottesville city,charlottesville city_va,va
Cherokee,cherokee_ks,ks
Starr,starr_tx,tx
Bexar,bexar_tx,tx
Sheridan,sheridan_ks,ks
Hendry,hendry_fl,fl
Lake,lake_co,co
Teton,teton_wy,wy
Trinity,trinity_ca,ca
Pike,pike_in,in
Forrest,forrest_ms,ms
Hancock,hancock_ky,ky
Thomas,thomas_ks,ks
Lee,lee_ia,ia
Brown,brown_oh,oh
Brazos,brazos_tx,tx
White,white_ar,ar
Westmoreland,westmoreland_va,va
Greenwood,greenwood_ks,ks
Hancock,hancock_ky,ky
Franklin,franklin_pa,pa
Richland,richland_mt,mt
Benton,benton_tn,tn
Dickinson,dickinson_ia,ia
Baltimore,baltimore_md,md
Schuylkill,schuylkill_pa,pa
Carter,carter_mo,mo
Tama,tama_ia,ia
Dooly,dooly_ga,ga
Ziebach,ziebach_sd,sd
San luis obispo,san luis obispo_ca,ca
Coleman,coleman_tx,tx
Pickens,pickens_ga,ga
Gray,gray_ks,ks
Hardee,hardee_fl,fl
Eddy,eddy_nd,nd
Pope,pope_il,il
Powell,powell_ky,ky
Allegany,allegany_md,md
Rio grande,rio grande_co,co
Greenbrier,greenbrier_wv,wv
Real,real_tx,tx
Audubon,audubon_ia,ia
Nassau,nassau_fl,fl
Polk,polk_fl,fl
Mineral,mineral_nv,nv
Davidson,davidson_nc,nc
Lyon,lyon_ks,ks
Pendleton,pendleton_wv,wv
Atchison,atchison_mo,mo
Motley,motley_tx,tx
Bingham,bingham_id,id
Val verde,val verde_tx,tx
Pennington,pennington_sd,sd
San jacinto,san jacinto_tx,tx
Pipestone,pipestone_mn,mn
Trego,trego_ks,ks
Walton,walton_ga,ga
Jefferson,jefferson_mo,mo
Craig,craig_va,va
Smith,smith_ks,ks
Tuscoosa,tuscoosa_al,al
Campbell,campbell_ky,ky
Washington,washington_or,or
Marshall,marshall_wv,wv
Menominee,menominee_wi,wi
Butte,butte_sd,sd
Lafayette,lafayette_ms,ms
Screven,screven_ga,ga
Lafayette,lafayette_fl,fl
Bay,bay_fl,fl
Champaign,champaign_il,il
Taylor,taylor_tx,tx
Carver,carver_mn,mn
Terrell,terrell_ga,ga
Slope,slope_nd,nd
Jack,jack_tx,tx
Major,major_ok,ok
Juab,juab_ut,ut
Bstol,bstol_ri,ri
Floyd,floyd_ga,ga
Fergus,fergus_mt,mt
Armstrong,armstrong_tx,tx
Putnam,putnam_ga,ga
Dewey,dewey_sd,sd
Tucker,tucker_wv,wv
Morris,morris_tx,tx
Clarke,clarke_va,va
Palm beach,palm beach_fl,fl
Dutchess,dutchess_ny,ny
Rowan,rowan_nc,nc
Harrisonburg city,harrisonburg city_va,va
Benton,benton_ar,ar
Jackson,jackson_ok,ok
Orange,orange_ca,ca
Chesapeake city,chesapeake city_va,va
Dawson,dawson_ga,ga
Shelby,shelby_mo,mo
Watonwan,watonwan_mn,mn
Greene,greene_il,il
Douglas,douglas_mn,mn
Cooper,cooper_mo,mo
Lincoln,lincoln_tn,tn
Mclean,mclean_il,il
Marion,marion_tx,tx
Butte,butte_id,id
Keokuk,keokuk_ia,ia
Glacier,glacier_mt,mt
Honolulu city,honolulu city_hi,hi
Deschutes,deschutes_or,or
Hickman,hickman_tn,tn
Marshall,marshall_ks,ks
Boone,boone_ia,ia
Lexington,lexington_sc,sc
Pike,pike_mo,mo
Grimes,grimes_tx,tx
Roane,roane_wv,wv
Levy,levy_fl,fl
Manitowoc,manitowoc_wi,wi
Chester,chester_sc,sc
Scotland,scotland_mo,mo
Rockingham,rockingham_va,va
Haskell,haskell_ok,ok
Adams,adams_ia,ia
Putnam,putnam_in,in
Bulloch,bulloch_ga,ga
Wilson,wilson_tn,tn
Webster,webster_wv,wv
Mitchell,mitchell_ia,ia
Caldwell,caldwell_tx,tx
Morgan,morgan_tn,tn
Shelby,shelby_oh,oh
Washtenaw,washtenaw_mi,mi
Karnes,karnes_tx,tx
Fremont,fremont_ia,ia
Monroe,monroe_ny,ny
Hayes,hayes_ne,ne
Dundy,dundy_ne,ne
Queens,queens_ny,ny
Nassau,nassau_ny,ny
Wabaunsee,wabaunsee_ks,ks
Hamilton,hamilton_ne,ne
Seminole,seminole_ga,ga
Stevens,stevens_ks,ks
Buchanan,buchanan_mo,mo
Tazewell,tazewell_il,il
Wallowa,wallowa_or,or
Rush,rush_in,in
Huntgton,huntgton_in,in
Pulaski,pulaski_ky,ky
Wayne,wayne_wv,wv
Camden,camden_nj,nj
Quitman,quitman_ga,ga
Robertson,robertson_tn,tn
Bradford,bradford_pa,pa
Rabun,rabun_ga,ga
Leslie,leslie_ky,ky
Ogemaw,ogemaw_mi,mi
Macon,macon_ga,ga
Shawnee,shawnee_ks,ks
Castro,castro_tx,tx
Robertson,robertson_tx,tx
Cooke,cooke_tx,tx
Lawrence,lawrence_oh,oh
Vernon,vernon_wi,wi
Mcnairy,mcnairy_tn,tn
Prentiss,prentiss_ms,ms
Pulaski,pulaski_va,va
Pickens,pickens_al,al
Shackelford,shackelford_tx,tx
Botetourt,botetourt_va,va
Sabine,sabine_tx,tx
Lee,lee_ga,ga
Jasper,jasper_ms,ms
Carroll,carroll_va,va
Gratiot,gratiot_mi,mi
Cortland,cortland_ny,ny
Sherman,sherman_tx,tx
Henry,henry_ia,ia
Bannock,bannock_id,id
Pontotoc,pontotoc_ms,ms
Lewis,lewis_ky,ky
Clark,clark_wa,wa
Curry,curry_or,or
Attala,attala_ms,ms
Rusk,rusk_wi,wi
Steele,steele_nd,nd
Ashland,ashland_wi,wi
Coke,coke_tx,tx
Waukesha,waukesha_wi,wi
Berkeley,berkeley_wv,wv
Creek,creek_ok,ok
Lancaster,lancaster_sc,sc
White,white_tn,tn
Brunswick,brunswick_nc,nc
Robertson,robertson_ky,ky
Thurston,thurston_wa,wa
Oceana,oceana_mi,mi
Monmouth,monmouth_nj,nj
Garvin,garvin_ok,ok
Randolph,randolph_nc,nc
Way,way_ne,ne
Yuma,yuma_az,az
Breathitt,breathitt_ky,ky
Fuskee,fuskee_ok,ok
Price,price_wi,wi
Goodhue,goodhue_mn,mn
Loudoun,loudoun_va,va
York,york_me,me
Amador,amador_ca,ca
Heard,heard_ga,ga
Bedford city va,bedford city va_(discontinued),(discontinued)
Jewell,jewell_ks,ks
Waller,waller_tx,tx
Monroe,monroe_wv,wv
Rankin,rankin_ms,ms
Gillespie,gillespie_tx,tx
Poweshiek,poweshiek_ia,ia
Shoshone,shoshone_id,id
Roanoke city,roanoke city_va,va
Hampton city,hampton city_va,va
Greene,greene_al,al
Kaufman,kaufman_tx,tx
Winston,winston_al,al
Brown,brown_ne,ne
Union,union_ga,ga
Ohio,ohio_in,in
Valley,valley_mt,mt
Marion,marion_oh,oh
Lavaca,lavaca_tx,tx
Alexandria city,alexandria city_va,va
Polk,polk_or,or
Grays harbor,grays harbor_wa,wa
Wood,wood_oh,oh
Douglas,douglas_nv,nv
Grant,grant_ar,ar
Jackson,jackson_ia,ia
Louisa,louisa_ia,ia
Knox,knox_tn,tn
Carlton,carlton_mn,mn
Montgomery,montgomery_ks,ks
Brown,brown_ks,ks
Adair,adair_ia,ia
Shiawassee,shiawassee_mi,mi
Richmond,richmond_ny,ny
Menard,menard_il,il
Greene,greene_oh,oh
Terry,terry_tx,tx
Granville,granville_nc,nc
Bristol,bristol_ma,ma
Gosper,gosper_ne,ne
Berrien,berrien_mi,mi
Cumberland,cumberland_tn,tn
St croix,st croix_wi,wi
Suffolk,suffolk_ma,ma
Lawrence,lawrence_mo,mo
Sali,sali_ne,ne
Washington,washington_ny,ny
Pittsylnia,pittsylnia_va,va
Moore,moore_tn,tn
Florence,florence_wi,wi
Platte,platte_mo,mo
Ellsworth,ellsworth_ks,ks
Presidio,presidio_tx,tx
Montezuma,montezuma_co,co
Somervell,somervell_tx,tx
Eau claire,eau claire_wi,wi
Boyd,boyd_ne,ne
Belmont,belmont_oh,oh
Ada,ada_id,id
Madison,madison_ny,ny
Dent,dent_mo,mo
Portsmouth city,portsmouth city_va,va
Middlesex,middlesex_va,va
Cass,cass_mn,mn
Yellow medicine,yellow medicine_mn,mn
Taylor,taylor_ky,ky
Simpson,simpson_ky,ky
Placer,placer_ca,ca
Osborne,osborne_ks,ks
Drew,drew_ar,ar
Winkler,winkler_tx,tx
Logan,logan_ne,ne
Yaey,yaey_nc,nc
Iron,iron_mo,mo
Maries,maries_mo,mo
Stone,stone_mo,mo
Custer,custer_id,id
Clinton,clinton_oh,oh
Orange,orange_va,va
Johnson,johnson_in,in
Fayette,fayette_il,il
Lynn,lynn_tx,tx
Marion,marion_fl,fl
Barber,barber_ks,ks
Kandiyohi,kandiyohi_mn,mn
Susquehanna,susquehanna_pa,pa
Owen,owen_in,in
Warren,warren_ms,ms
Darlington,darlington_sc,sc
Dickey,dickey_nd,nd
Hudson,hudson_nj,nj
Geary,geary_ks,ks
Pierce,pierce_nd,nd
Cleveland,cleveland_ok,ok
Mariposa,mariposa_ca,ca
Lee,lee_ms,ms
Schenectady,schenectady_ny,ny
Upton,upton_tx,tx
Cabarrus,cabarrus_nc,nc
Monroe,monroe_ga,ga
Ripley,ripley_mo,mo
Schoolcraft,schoolcraft_mi,mi
Jefferson,jefferson_ia,ia
Shenandoah,shenandoah_va,va
Greer,greer_ok,ok
Webster,webster_ky,ky
Williamsburg,williamsburg_sc,sc
Moultrie,moultrie_il,il
Clay,clay_tn,tn
Lake,lake_sd,sd
Bristol city,bristol city_va,va
Woodford,woodford_il,il
Jerome,jerome_id,id
Franklin,franklin_ky,ky
Cerro gordo,cerro gordo_ia,ia
Alexander,alexander_nc,nc
Lake,lake_in,in
Mercer,mercer_pa,pa
Carroll,carroll_oh,oh
Floyd,floyd_ky,ky
Gooding,gooding_id,id
Navajo,navajo_az,az
Erie,erie_pa,pa
Hillsborough,hillsborough_fl,fl
Greene,greene_in,in
Brooks,brooks_tx,tx
Coffee,coffee_ga,ga
Riley,riley_ks,ks
Peoria,peoria_il,il
Bailey,bailey_tx,tx
Lauderdale,lauderdale_ms,ms
Ohio,ohio_wv,wv
Westchester,westchester_ny,ny
Putnam,putnam_mo,mo
Pulaski,pulaski_mo,mo
Obrien,obrien_ia,ia
Boone,boone_wv,wv
Yavapai,yavapai_az,az
Fayette,fayette_wv,wv
Tazewell,tazewell_va,va
Miami,miami_in,in
Cameron,cameron_pa,pa
Mcdonough,mcdonough_il,il
Dodge,dodge_ne,ne
Pinal,pinal_az,az
Stanislaus,stanislaus_ca,ca
Franklin,franklin_wa,wa
Wayne,wayne_ga,ga
Blai,blai_ne,ne
Glasscock,glasscock_tx,tx
Jasper,jasper_sc,sc
Webster,webster_mo,mo
Washburn,washburn_wi,wi
Carlisle,carlisle_ky,ky
Lac qui parle,lac qui parle_mn,mn
Petersburg city,petersburg city_va,va
Bayfield,bayfield_wi,wi
Wilkinson,wilkinson_ms,ms
Cass,cass_mi,mi
Huron,huron_oh,oh
Candler,candler_ga,ga
Mecklenburg,mecklenburg_va,va
Galax city,galax city_va,va
Nicholas,nicholas_wv,wv
Leelanau,leelanau_mi,mi
Boyd,boyd_ky,ky
Bay,bay_mi,mi
Bollinger,bollinger_mo,mo
Hardin,hardin_il,il
Cimarron,cimarron_ok,ok
Ravalli,ravalli_mt,mt
Kearny,kearny_ks,ks
Alleghany,alleghany_va,va
Goochland,goochland_va,va
Bell,bell_tx,tx
Trempealeau,trempealeau_wi,wi
Ray,ray_mo,mo
Kidder,kidder_nd,nd
Muscatine,muscatine_ia,ia
Osage,osage_mo,mo
Delta,delta_co,co
Tyler,tyler_wv,wv
Mcintosh,mcintosh_ga,ga
Louisa,louisa_va,va
Cambria,cambria_pa,pa
Comanche,comanche_ok,ok
Saginaw,saginaw_mi,mi
Daviess,daviess_mo,mo
Gasconade,gasconade_mo,mo
Washington,washington_wi,wi
Hill,hill_tx,tx
Linn,linn_mo,mo
Benton,benton_in,in
Duval,duval_fl,fl
Washington,washington_fl,fl
Escambia,escambia_al,al
Calhoun,calhoun_ar,ar
Pulaski,pulaski_il,il
Chautauqua,chautauqua_ny,ny
Grant,grant_ne,ne
Wichita,wichita_ks,ks
Pine,pine_mn,mn
Dodge,dodge_mn,mn
Clayton,clayton_ia,ia
Los angeles,los angeles_ca,ca
Morris,morris_ks,ks
Buena vista,buena vista_ia,ia
Perry,perry_pa,pa
Monroe,monroe_al,al
Okanogan,okanogan_wa,wa
Pettis,pettis_mo,mo
Mercer,mercer_nd,nd
Washington,washington_ar,ar
Johnson,johnson_wy,wy
Sauk,sauk_wi,wi
Pickens,pickens_sc,sc
Pembina,pembina_nd,nd
Carroll,carroll_ga,ga
Schuyler,schuyler_ny,ny
Snohomish,snohomish_wa,wa
Hanson,hanson_sd,sd
Clay,clay_ks,ks
Harrison,harrison_ky,ky
Jones,jones_nc,nc
Runnels,runnels_tx,tx
Union,union_il,il
Kosciusko,kosciusko_in,in
Hickman,hickman_ky,ky
Lane,lane_ks,ks
Jackson,jackson_tn,tn
Mora,mora_nm,nm
Dorchester,dorchester_sc,sc
Conecuh,conecuh_al,al
Carter,carter_ok,ok
Decatur,decatur_ks,ks
Billings,billings_nd,nd
Ransom,ransom_nd,nd
Madison,madison_ga,ga
Humphreys,humphreys_tn,tn
Fauquier,fauquier_va,va
Greenlee,greenlee_az,az
Williamsburg city,williamsburg city_va,va
Solano,solano_ca,ca
Morton,morton_nd,nd
Dekalb,dekalb_tn,tn
Presque isle,presque isle_mi,mi
Grant,grant_sd,sd
Washington,washington_co,co
Chittenden,chittenden_vt,vt
Crook,crook_or,or
Wise,wise_va,va
Muskogee,muskogee_ok,ok
Dinwiddie,dinwiddie_va,va
Keya paha,keya paha_ne,ne
Davidson,davidson_tn,tn
Knox,knox_ne,ne
Yazoo,yazoo_ms,ms
Walsh,walsh_nd,nd
Campbell,campbell_va,va
Sandoval,sandoval_nm,nm
Blount,blount_tn,tn
Custer,custer_sd,sd
Orange,orange_in,in
Adams,adams_in,in
Ada,ada_ms,ms
Summers,summers_wv,wv
Todd,todd_mn,mn
Randolph,randolph_wv,wv
Green,green_ky,ky
Duval,duval_tx,tx
Jenngs,jenngs_in,in
Warren,warren_mo,mo
Minoka,minoka_id,id
De witt,de witt_il,il
Fulton,fulton_ar,ar
Wood,wood_wi,wi
Greene,greene_mo,mo
Lander,lander_nv,nv
Barry,barry_mi,mi
Shelby,shelby_tn,tn
Des moines,des moines_ia,ia
Alba,alba_ny,ny
Dixon,dixon_ne,ne
Chambers,chambers_tx,tx
Worth,worth_ia,ia
Latimer,latimer_ok,ok
Appanoose,appanoose_ia,ia
Butler,butler_oh,oh
Harmon,harmon_ok,ok
Northampton,northampton_nc,nc
Seneca,seneca_oh,oh
Madison,madison_va,va
Jasper,jasper_ga,ga
Ralls,ralls_mo,mo
Boone,boone_mo,mo
Liberty,liberty_fl,fl
Portage,portage_wi,wi
Livingston,livingston_mo,mo
Oglala lakota,oglala lakota_sd,sd
Ben hill,ben hill_ga,ga
Jackson,jackson_mn,mn
Graves,graves_ky,ky
Scotland,scotland_nc,nc
Pearl river,pearl river_ms,ms
Missoula,missoula_mt,mt
Summit,summit_ut,ut
Escambia,escambia_fl,fl
Stanton,stanton_ne,ne
Dearborn,dearborn_in,in
Cook,cook_ga,ga
Amite,amite_ms,ms
Park,park_co,co
Lynchburg city,lynchburg city_va,va
Randolph,randolph_ar,ar
Mckenzie,mckenzie_nd,nd
Ottawa,ottawa_oh,oh
Sanilac,sanilac_mi,mi
Bent,bent_co,co
Adams,adams_il,il
Wise,wise_tx,tx
Otsego,otsego_mi,mi
Ntgomery,ntgomery_mo,mo
Keary,keary_ne,ne
Edwards,edwards_ks,ks
Kinney,kinney_tx,tx
Gregory,gregory_sd,sd
Clay,clay_nc,nc
Taylor,taylor_ia,ia
Keith,keith_ne,ne
Washington,washington_va,va
Cochise,cochise_az,az
Allen,allen_ky,ky
Carroll,carroll_tn,tn
Texas,texas_ok,ok
Dunklin,dunklin_mo,mo
Luce,luce_mi,mi
Aho,aho_id,id
Gulf,gulf_fl,fl
Whitman,whitman_wa,wa
Clearwater,clearwater_id,id
Hill,hill_mt,mt
Marinette,marinette_wi,wi
Newberry,newberry_sc,sc
Colquitt,colquitt_ga,ga
Austin,austin_tx,tx
Jones,jones_ms,ms
Orange,orange_ny,ny
Tarrant,tarrant_tx,tx
Douglas,douglas_mo,mo
Barnwell,barnwell_sc,sc
Sac,sac_ia,ia
Hartley,hartley_tx,tx
Fulton,fulton_ny,ny
Franklin city,franklin city_va,va
Johnson,johnson_mo,mo
Yates,yates_ny,ny
Logan,logan_ar,ar
Sullivan,sullivan_pa,pa
Burke,burke_nc,nc
Mccreary,mccreary_ky,ky
Clarke,clarke_ms,ms
Mulgee,mulgee_ok,ok
Tooele,tooele_ut,ut
La crosse,la crosse_wi,wi
Lake,lake_mi,mi
Rio blan,rio blan_co,co
Woodward,woodward_ok,ok
Imperial,imperial_ca,ca
Polk,polk_wi,wi
Hardin,hardin_tn,tn
Rockcastle,rockcastle_ky,ky
Salem,salem_nj,nj
Lubbock,lubbock_tx,tx
Goshen,goshen_wy,wy
Whatcom,whatcom_wa,wa
Grand isle,grand isle_vt,vt
Door,door_wi,wi
Watauga,watauga_nc,nc
Franklin,franklin_oh,oh
Vermillion,vermillion_in,in
Marquette,marquette_mi,mi
Loving,loving_tx,tx
Sanders,sanders_mt,mt
Monroe,monroe_ia,ia
Clton,clton_in,in
Love,love_ok,ok
Koochiching,koochiching_mn,mn
Perry,perry_mo,mo
Carroll,carroll_nh,nh
Mille lacs,mille lacs_mn,mn
Neosho,neosho_ks,ks
Stephenson,stephenson_il,il
Collin,collin_tx,tx
Gallatin,gallatin_mt,mt
Cocke,cocke_tn,tn
King,king_tx,tx
Big horn,big horn_wy,wy
Cassia,cassia_id,id
Greene,greene_ar,ar
Anson,anson_nc,nc
Brazoria,brazoria_tx,tx
Polk,polk_tx,tx
Greeley,greeley_ne,ne
Jefferson,jefferson_ms,ms
Stoddard,stoddard_mo,mo
Marshall,marshall_ok,ok
Saunders,saunders_ne,ne
Weston,weston_wy,wy
Golden valley,golden valley_mt,mt
Stark,stark_nd,nd
Benewah,benewah_id,id
Saluda,saluda_sc,sc
Mountrail,mountrail_nd,nd
Williams,williams_oh,oh
Ingham,ingham_mi,mi
Wyandot,wyandot_oh,oh
Alcona,alcona_mi,mi
Lamb,lamb_tx,tx
Northumberland,northumberland_pa,pa
Monroe,monroe_fl,fl
Jim wells,jim wells_tx,tx
Atkinson,atkinson_ga,ga
Union,union_nm,nm
Lowndes,lowndes_ms,ms
Ontonagon,ontonagon_mi,mi
White,white_ga,ga
Putnam,putnam_fl,fl
Sullivan,sullivan_mo,mo
Briscoe,briscoe_tx,tx
White,white_il,il
Rusk,rusk_tx,tx
Seward,seward_ks,ks
Indiana,indiana_pa,pa
Cayuga,cayuga_ny,ny
Lincoln,lincoln_ar,ar
Prairie,prairie_mt,mt
Hubbard,hubbard_mn,mn
Napa,napa_ca,ca
Alpine,alpine_ca,ca
Dallas,dallas_tx,tx
Stewart,stewart_ga,ga
Glades,glades_fl,fl
Brown,brown_in,in
Stone,stone_ar,ar
Greensville,greensville_va,va
Cheree,cheree_ok,ok
Kerr,kerr_tx,tx
Roane,roane_tn,tn
Freestone,freestone_tx,tx
Wliamson,wliamson_il,il
Gila,gila_az,az
Volusia,volusia_fl,fl
San augustine,san augustine_tx,tx
Cumberland,cumberland_nc,nc
Henrico,henrico_va,va
Yankton,yankton_sd,sd
Yadkin,yadkin_nc,nc
De,de_al,al
Hardin,hardin_tx,tx
Raleigh,raleigh_wv,wv
Pueblo,pueblo_co,co
Cass,cass_tx,tx
Benton,benton_or,or
Walker,walker_ga,ga
Perry,perry_tn,tn
Mifflin,mifflin_pa,pa
Preston,preston_wv,wv
Cleburne,cleburne_al,al
Gladwin,gladwin_mi,mi
Montague,montague_tx,tx
Northampton,northampton_va,va
Calumet,calumet_wi,wi
Marathon,marathon_wi,wi
Taney,taney_mo,mo
Lewis,lewis_wa,wa
Lanier,lanier_ga,ga
Garden,garden_ne,ne
Bradford,bradford_fl,fl
Washington,washington_mn,mn
Ward,ward_tx,tx
Mcdowell,mcdowell_wv,wv
Smith,smith_tx,tx
Cavalier,cavalier_nd,nd
Rockdale,rockdale_ga,ga
Coshocton,coshocton_oh,oh
Toole,toole_mt,mt
Bandera,bandera_tx,tx
Lincoln,lincoln_id,id
Gra forks,gra forks_nd,nd
Clark,clark_nv,nv
Le sueur,le sueur_mn,mn
Brown,brown_tx,tx
Crenshaw,crenshaw_al,al
Leon,leon_tx,tx
Windham,windham_vt,vt
Elkhart,elkhart_in,in
Portage,portage_oh,oh
Lorain,lorain_oh,oh
Davis,davis_ia,ia
Granite,granite_mt,mt
Douglas,douglas_or,or
Washington,washington_me,me
Knox,knox_il,il
Chester,chester_tn,tn
Itawamba,itawamba_ms,ms
Taylor,taylor_fl,fl
Macomb,macomb_mi,mi
Wake,wake_nc,nc
Delta,delta_tx,tx
Beltrami,beltrami_mn,mn
Nicholas,nicholas_ky,ky
Mccook,mccook_sd,sd
Sacramento,sacramento_ca,ca
Lahoma,lahoma_ok,ok
Hennepin,hennepin_mn,mn
Bosque,bosque_tx,tx
Baker,baker_fl,fl
Madison,madison_nc,nc
Skagit,skagit_wa,wa
Russell,russell_ks,ks
Leake,leake_ms,ms
Chickasaw,chickasaw_ms,ms
Hidalgo,hidalgo_tx,tx
Orange,orange_vt,vt
Lancaster,lancaster_ne,ne
Lincoln,lincoln_ga,ga
Calhoun,calhoun_fl,fl
St clair,st clair_al,al
Washington,washington_ia,ia
Troup,troup_ga,ga
Scott,scott_tn,tn
Henry,henry_in,in
Gaston,gaston_nc,nc
Young,young_tx,tx
Wilson,wilson_nc,nc
Sweet grass,sweet grass_mt,mt
St johns,st johns_fl,fl
Storey,storey_nv,nv
Mcintosh,mcintosh_ok,ok
Ford,ford_ks,ks
Ness,ness_ks,ks
Chenango,chenango_ny,ny
Calhoun,calhoun_wv,wv
Rich,rich_ut,ut
Covington,covington_al,al
Schoharie,schoharie_ny,ny
Bdwin,bdwin_al,al
Madison,madison_ia,ia
Columbia,columbia_ny,ny
Piscataquis,piscataquis_me,me
Blanco,blanco_tx,tx
Aitkin,aitkin_mn,mn
Wyandotte,wyandotte_ks,ks
Clay,clay_al,al
Sierra,sierra_ca,ca
Socorro,socorro_nm,nm
Chelan,chelan_wa,wa
Grayson,grayson_va,va
Adams,adams_wa,wa
Gloucester,gloucester_va,va
Richland,richland_oh,oh
New haven,new haven_ct,ct
Champaign,champaign_oh,oh
Lee,lee_nc,nc
Colbert,colbert_al,al
Isle of wight,isle of wight_va,va
Rice,rice_mn,mn
Kauai,kauai_hi,hi
Holt,holt_mo,mo
Boone,boone_il,il
Steuben,steuben_ny,ny
Butler,butler_mo,mo
Ogle,ogle_il,il
Garza,garza_tx,tx
Newaygo,newaygo_mi,mi
Todd,todd_ky,ky
Blaine,blaine_id,id
Miller,miller_ga,ga
Polk,polk_nc,nc
Garfield,garfield_wa,wa
Dunn,dunn_nd,nd
Stephens,stephens_tx,tx
Rockwall,rockwall_tx,tx
Grant,grant_ky,ky
Winneshiek,winneshiek_ia,ia
Sullivan,sullivan_ny,ny
Towner,towner_nd,nd
Dekalb,dekalb_in,in
Allen,allen_oh,oh
Pottawatomie,pottawatomie_ks,ks
Wallace,wallace_ks,ks
Laclede,laclede_mo,mo
Tyrrell,tyrrell_nc,nc
Lenoir,lenoir_nc,nc
Halifax,halifax_nc,nc
Grafton,grafton_nh,nh
Mitchell,mitchell_tx,tx
Pittsburg,pittsburg_ok,ok
Wyoming,wyoming_wv,wv
Hancock,hancock_tn,tn
Wayne,wayne_tn,tn
Walker,walker_tx,tx
Taylor,taylor_wi,wi
Schuyler,schuyler_mo,mo
Poquoson city,poquoson city_va,va
Cherokee,cherokee_al,al
Mclennan,mclennan_tx,tx
Mcleod,mcleod_mn,mn
Otero,otero_co,co
Jefferson,jefferson_wv,wv
Limestone,limestone_al,al
Nemaha,nemaha_ks,ks
Montgomery,montgomery_in,in
Morton,morton_ks,ks
Lawrence,lawrence_il,il
Donley,donley_tx,tx
Williamson,williamson_tn,tn
Meigs,meigs_tn,tn
Houston,houston_tx,tx
Adams,adams_wi,wi
Washington,washington_md,md
Adair,adair_ky,ky
Hamlin,hamlin_sd,sd
Rappahannock,rappahannock_va,va
Malheur,malheur_or,or
Wheeler,wheeler_tx,tx
Carroll,carroll_ky,ky
Ste genevieve,ste genevieve_mo,mo
Cameron,cameron_tx,tx
Glenn,glenn_ca,ca
Addison,addison_vt,vt
Cleburne,cleburne_ar,ar
Mohave,mohave_az,az
Page,page_ia,ia
Marion,marion_ia,ia
Glascock,glascock_ga,ga
Douglas,douglas_ga,ga
Amelia,amelia_va,va
Johnson,johnson_tx,tx
Crawford,crawford_wi,wi
Daviess,daviess_in,in
Currituck,currituck_nc,nc
Morris,morris_nj,nj
Ellis,ellis_ok,ok
Moore,moore_nc,nc
Lee,lee_ar,ar
Hocking,hocking_oh,oh
Henderson,henderson_nc,nc
Mason,mason_tx,tx
Henderson,henderson_ky,ky
Clarke,clarke_ia,ia
Christian,christian_mo,mo
Luzerne,luzerne_pa,pa
Humboldt,humboldt_ia,ia
Marion,marion_al,al
Gland,gland_ar,ar
Belknap,belknap_nh,nh
Todd,todd_sd,sd
Washakie,washakie_wy,wy
Lassen,lassen_ca,ca
Onondaga,onondaga_ny,ny
Jefferson,jefferson_tn,tn
Johnson,johnson_ky,ky
Fisher,fisher_tx,tx
Perkins,perkins_ne,ne
Wabasha,wabasha_mn,mn
Overton,overton_tn,tn
King,king_wa,wa
Kendall,kendall_il,il
Converse,converse_wy,wy
Kent,kent_tx,tx
Tompkins,tompkins_ny,ny
Stafford,stafford_va,va
Smith,smith_tn,tn
Fulton,fulton_ky,ky
Newport news city,newport news city_va,va
Hutchinson,hutchinson_tx,tx
Bond,bond_il,il
Hickory,hickory_mo,mo
Miller,miller_mo,mo
Phillips,phillips_ar,ar
Franklin,franklin_ar,ar
San saba,san saba_tx,tx
Mahaska,mahaska_ia,ia
Montrose,montrose_co,co
Cross,cross_ar,ar
Mathews,mathews_va,va
Sweetwater,sweetwater_wy,wy
Gallia,gallia_oh,oh
Marion,marion_wv,wv
Gibson,gibson_tn,tn
Floyd,floyd_in,in
Mcclain,mcclain_ok,ok
Lewis,lewis_ny,ny
Tunica,tunica_ms,ms
Traverse,traverse_mn,mn
Mcdonald,mcdonald_mo,mo
Lyman,lyman_sd,sd
Ward,ward_nd,nd
Fort bend,fort bend_tx,tx
Beaver,beaver_ok,ok
Iron,iron_mi,mi
Gadsden,gadsden_fl,fl
Larimer,larimer_co,co
Franklin,franklin_ia,ia
Llano,llano_tx,tx
Red river,red river_tx,tx
Cheyenne,cheyenne_co,co
Christian,christian_ky,ky
Bourbon,bourbon_ks,ks
Starke,starke_in,in
Carteret,carteret_nc,nc
Ssaukee,ssaukee_mi,mi
St lucie,st lucie_fl,fl
Dekalb,dekalb_il,il
Webster,webster_ia,ia
Flunna,flunna_va,va
Haywood,haywood_nc,nc
Charleston,charleston_sc,sc
Scott,scott_ia,ia
Telfair,telfair_ga,ga
Plymouth,plymouth_ia,ia
Kanabec,kanabec_mn,mn
Harford,harford_md,md
Wadena,wadena_mn,mn
Tallahatchie,tallahatchie_ms,ms
Silver bow,silver bow_mt,mt
Lincoln,lincoln_wa,wa
Turner,turner_sd,sd
Charlevoix,charlevoix_mi,mi
Fleming,fleming_ky,ky
Spencer,spencer_ky,ky
Becker,becker_mn,mn
Shp,shp_ar,ar
Carroll,carroll_ia,ia
Jacon,jacon_ks,ks
Clay,clay_wv,wv
Van wert,van wert_oh,oh
Weld,weld_co,co
Kingfisher,kingfisher_ok,ok
Holmes,holmes_ms,ms
La plata,la plata_co,co
Houston,houston_al,al
Laporte,laporte_in,in
Nottoway,nottoway_va,va
Richland,richland_il,il
Neshoba,neshoba_ms,ms
Nodaway,nodaway_mo,mo
Clinton,clinton_mi,mi
Cowley,cowley_ks,ks
Baxter,baxter_ar,ar
Crawford,crawford_il,il
Hancock,hancock_ms,ms
Windham,windham_ct,ct
Butler,butler_ne,ne
Berks,berks_pa,pa
Clearwater,clearwater_mn,mn
Richla,richla_nd,nd
Issaquena,issaquena_ms,ms
Holt,holt_ne,ne
Pitkin,pitkin_co,co
Delta,delta_mi,mi
White,white_in,in
Mccormick,mccormick_sc,sc
Erie,erie_oh,oh
Garrett,garrett_md,md
Canadian,canadian_ok,ok
Nance,nance_ne,ne
Montgomery,montgomery_ky,ky
Dillon,dillon_sc,sc
Jersey,jersey_il,il
Nevada,nevada_ca,ca
Rutland,rutland_vt,vt
Weber,weber_ut,ut
Delaware,delaware_oh,oh
Suwannee,suwannee_fl,fl
Person,person_nc,nc
Dawson,dawson_mt,mt
Burnett,burnett_wi,wi
Oldham,oldham_tx,tx
St clair,st clair_mo,mo
Panola,panola_tx,tx
Yell,yell_ar,ar
Graham,graham_az,az
Chaves,chaves_nm,nm
Sullivan,sullivan_tn,tn
San miguel,san miguel_nm,nm
Garfield,garfield_mt,mt
Pushmataha,pushmataha_ok,ok
Carson city,carson city_nv,nv
Park,park_wy,wy
Caldwell,caldwell_nc,nc
Perry,perry_al,al
Laveras,laveras_ca,ca
Cloud,cloud_ks,ks
The district of,the district of_columbia,columbia
San diego,san diego_ca,ca
Marion,marion_ga,ga
Shawano,shawano_wi,wi
Tulare,tulare_ca,ca
Wagoner,wagoner_ok,ok
Bland,bland_va,va
Roosevelt,roosevelt_nm,nm
Beaufort,beaufort_sc,sc
Sebastian,sebastian_ar,ar
Moore,moore_tx,tx
Washington,washington_ms,ms
Montgomery,montgomery_ms,ms
Atascosa,atascosa_tx,tx
Tuolumne,tuolumne_ca,ca
Grant,grant_or,or
Maui,maui_hi,hi
Hamilton,hamilton_in,in
Cattaraugus,cattaraugus_ny,ny
Uvalde,uvalde_tx,tx
Miner,miner_sd,sd
Barry,barry_mo,mo
Sheridan,sheridan_wy,wy
Sawyer,sawyer_wi,wi
Musselshell,musselshell_mt,mt
Aroostook,aroostook_me,me
Mississippi,mississippi_mo,mo
Dickenson,dickenson_va,va
Eureka,eureka_nv,nv
Greenup,greenup_ky,ky
Lake,lake_il,il
Douglas,douglas_wi,wi
Norfolk city,norfolk city_va,va
Clinton,clinton_ky,ky
Adams,adams_id,id
Fulton,fulton_il,il
Warren,warren_nj,nj
Rock,rock_wi,wi
Lincoln,lincoln_ms,ms
Nicollet,nicollet_mn,mn
Buffalo,buffalo_wi,wi
Lycoming,lycoming_pa,pa
Hertford,hertford_nc,nc
Greenwood,greenwood_sc,sc
Coosa,coosa_al,al
Caroline,caroline_md,md
Stone,stone_ms,ms
Dallas,dallas_ar,ar
Faulkner,faulkner_ar,ar
Washington,washington_il,il
Phelps,phelps_ne,ne
Jefferson,jefferson_al,al
Coweta,coweta_ga,ga
St joseph,st joseph_mi,mi
Dyer,dyer_tn,tn
Morgan,morgan_in,in
Furnas,furnas_ne,ne
Monona,monona_ia,ia
Modoc,modoc_ca,ca
Warren,warren_tn,tn
Crawford,crawford_oh,oh
Frio,frio_tx,tx
Nacogdoches,nacogdoches_tx,tx
Gove,gove_ks,ks
Stevens,stevens_wa,wa
Jasper,jasper_in,in
New madrid,new madrid_mo,mo
Goliad,goliad_tx,tx
Montgomery,montgomery_il,il
Fredericksburg city,fredericksburg city_va,va
Baker,baker_ga,ga
Saline,saline_mo,mo
Cleveland,cleveland_nc,nc
Greene,greene_pa,pa
Grayson,grayson_tx,tx
Box butte,box butte_ne,ne
Nowata,nowata_ok,ok
San miguel,san miguel_co,co
Wayne,wayne_ms,ms
Lexington city,lexington city_va,va
Hardin,hardin_ia,ia
Vilas,vilas_wi,wi
Jackson,jackson_ar,ar
Sevier,sevier_ut,ut
Jones,jones_sd,sd
Falls church city,falls church city_va,va
Boone,boone_ky,ky
Chisago,chisago_mn,mn
Mckinley,mckinley_nm,nm
Nroe,nroe_mo,mo
Sangamon,sangamon_il,il
Evans,evans_ga,ga
Forsyth,forsyth_ga,ga
Patrick,patrick_va,va
Bleckley,bleckley_ga,ga
Lyon,lyon_mn,mn
Montgomery,montgomery_ny,ny
Routt,routt_co,co
Cotton,cotton_ok,ok
Ontario,ontario_ny,ny
Rosebud,rosebud_mt,mt
Lewis and clark,lewis and clark_mt,mt
Culpeper,culpeper_va,va
Mitchell,mitchell_ga,ga
Desha,desha_ar,ar
Harding,harding_nm,nm
Colleton,colleton_sc,sc
Cottle,cottle_tx,tx
Trousdale,trousdale_tn,tn
Owyhee,owyhee_id,id
Frederick,frederick_md,md
Wilkes,wilkes_nc,nc
Trinity,trinity_tx,tx
Kitsap,kitsap_wa,wa
Hkiakum,hkiakum_wa,wa
Union,union_ar,ar
Van buren,van buren_ar,ar
Mccracken,mccracken_ky,ky
Henry,henry_tn,tn
Waynesboro city,waynesboro city_va,va
Thomas,thomas_ne,ne
Valencia,valencia_nm,nm
Upshur,upshur_tx,tx
Accomack,accomack_va,va
Sheridan,sheridan_nd,nd
Klamath,klamath_or,or
Clinton,clinton_mo,mo
Van buren,van buren_tn,tn
Pawnee,pawnee_ok,ok
Jackson,jackson_wi,wi
Van zandt,van zandt_tx,tx
Leon,leon_fl,fl
Sussex,sussex_de,de
Rush,rush_ks,ks
Lamar,lamar_ga,ga
Calhoun,calhoun_il,il
Norton city,norton city_va,va
Dolores,dolores_co,co
Lincoln,lincoln_wy,wy
Rockingham,rockingham_nc,nc
Cumberland,cumberland_va,va
Anne arundel,anne arundel_md,md
Cascade,cascade_mt,mt
Cass,cass_ne,ne
Bennett,bennett_sd,sd
Newton,newton_ms,ms
Emporia city,emporia city_va,va
Lincoln,lincoln_sd,sd
Jackson,jackson_mi,mi
Toombs,toombs_ga,ga
Custer,custer_ok,ok
Union,union_nj,nj
Independence,independence_ar,ar
Craig,craig_ok,ok
Camas,camas_id,id
Carbon,carbon_mt,mt
Wayne,wayne_ky,ky
Wabash,wabash_il,il
Daggett,daggett_ut,ut
Sunflower,sunflower_ms,ms
Washgton,washgton_in,in
Gibson,gibson_in,in
York,york_sc,sc
Lancaster,lancaster_pa,pa
Grady,grady_ok,ok
Covington city,covington city_va,va
Sonoma,sonoma_ca,ca
Logan,logan_ks,ks
Lincoln,lincoln_nv,nv
Muskingum,muskingum_oh,oh
Scotts bluff,scotts bluff_ne,ne
Ware,ware_ga,ga
Spencer,spencer_in,in
Wilcox,wilcox_al,al
Carroll,carroll_in,in
Livingston,livingston_ky,ky
Van buren,van buren_ia,ia
Gentry,gentry_mo,mo
Edgefield,edgefield_sc,sc
Lauderde,lauderde_al,al
Outagamie,outagamie_wi,wi
Carter,carter_ky,ky
Fulton,fulton_in,in
Clinton,clinton_pa,pa
Lebanon,lebanon_pa,pa
Howell,howell_mo,mo
Tolland,tolland_ct,ct
Randolph,randolph_mo,mo
Douglas,douglas_co,co
Worcester,worcester_ma,ma
Linn,linn_ia,ia
Hughes,hughes_ok,ok
Wyoming,wyoming_ny,ny
Kane,kane_il,il
Chattoo,chattoo_ga,ga
Lee,lee_al,al
Stevens,stevens_mn,mn
Martin,martin_mn,mn
La salle,la salle_il,il
Wirt,wirt_wv,wv
Norman,norman_mn,mn
Clarke,clarke_ga,ga
Elmore,elmore_al,al
Ottawa,ottawa_mi,mi
Lewis,lewis_tn,tn
Geauga,geauga_oh,oh
Montgomery,montgomery_tx,tx
Jerauld,jerauld_sd,sd
Madison,madison_ne,ne
Yamhill,yamhill_or,or
Forsyth,forsyth_nc,nc
Floyd,floyd_tx,tx
Ashland,ashland_oh,oh
Caroline,caroline_va,va
Kittson,kittson_mn,mn
Richmond,richmond_va,va
Union,union_ky,ky
Platte,platte_ne,ne
Oglethorpe,oglethorpe_ga,ga
Choctaw,choctaw_ok,ok
Hernando,hernando_fl,fl
Marion,marion_sc,sc
Sterling,sterling_tx,tx
Pottawatomie,pottawatomie_ok,ok
Pottawattamie,pottawattamie_ia,ia
Clermont,clermont_oh,oh
Dubois,dubois_in,in
Taylor,taylor_wv,wv
Scott,scott_ms,ms
Jefferson,jefferson_ny,ny
Iroquois,iroquois_il,il
Pope,pope_ar,ar
Brewster,brewster_tx,tx
Clallam,clallam_wa,wa
Emmons,emmons_nd,nd
San mateo,san mateo_ca,ca
Mills,mills_ia,ia
Sully,sully_sd,sd
Woods,woods_ok,ok
Pontotoc,pontotoc_ok,ok
Pecos,pecos_tx,tx
Johnson,johnson_ne,ne
Guadalupe,guadalupe_nm,nm
Craighead,craighead_ar,ar
Hunt,hunt_tx,tx
Suffolk,suffolk_ny,ny
Borden,borden_tx,tx
Lipscomb,lipscomb_tx,tx
Howard,howard_ne,ne
Lawrence,lawrence_in,in
Dlas,dlas_al,al
Sagadahoc,sagadahoc_me,me
Dukes,dukes_ma,ma
Pawnee,pawnee_ks,ks
Graham,graham_nc,nc
Holmes,holmes_fl,fl
Montgomery,montgomery_nc,nc
Catron,catron_nm,nm
Archuleta,archuleta_co,co
Franklin,franklin_nc,nc
Garfield,garfield_ne,ne
Pope,pope_mn,mn
Dimmit,dimmit_tx,tx
Schley,schley_ga,ga
Sarasota,sarasota_fl,fl
Zavala,zavala_tx,tx
Doniphan,doniphan_ks,ks
Essex,essex_vt,vt
He,he_al,al
Mendocino,mendocino_ca,ca
Pulaski,pulaski_in,in
Habersham,habersham_ga,ga
Pend oreille,pend oreille_wa,wa
Mason,mason_wv,wv
Ellis,ellis_tx,tx
Conway,conway_ar,ar
Limestone,limestone_tx,tx
Roberts,roberts_tx,tx
Lake of the woods,lake of the woods_mn,mn
Otsego,otsego_ny,ny
Newton,newton_in,in
Oktibbeha,oktibbeha_ms,ms
Jackson,jackson_or,or
Clk,clk_ar,ar
Lawrence,lawrence_al,al
Sibley,sibley_mn,mn
Wilbarger,wilbarger_tx,tx
Ottawa,ottawa_ok,ok
Cheyenne,cheyenne_ks,ks
Bartow,bartow_ga,ga
Emanuel,emanuel_ga,ga
Bee,bee_tx,tx
Warren,warren_va,va
Greene,greene_ms,ms
Chattahoochee,chattahoochee_ga,ga
Emmet,emmet_mi,mi
Marion,marion_ms,ms
Jefferson,jefferson_co,co
Potter,potter_sd,sd
Cape girardeau,cape girardeau_mo,mo
James city,james city_va,va
Lamar,lamar_al,al
Franklin,franklin_il,il
Audrain,audrain_mo,mo
Bladen,bladen_nc,nc
Rhea,rhea_tn,tn
Wheeler,wheeler_ga,ga
Burleigh,burleigh_nd,nd
Broward,broward_fl,fl
Yuma,yuma_co,co
Fulton,fulton_oh,oh
Lincoln,lincoln_mt,mt
Bronx,bronx_ny,ny
Harney,harney_or,or
Rio arriba,rio arriba_nm,nm
Lincoln,lincoln_ky,ky
Grainger,grainger_tn,tn
Reynolds,reynolds_mo,mo
Pickaway,pickaway_oh,oh
Hall,hall_ne,ne
Mississippi,mississippi_ar,ar
Quay,quay_nm,nm
Tillman,tillman_ok,ok
Gallatin,gallatin_ky,ky
Anderson,anderson_tx,tx
Pinellas,pinellas_fl,fl
Woodruff,woodruff_ar,ar
Tillamook,tillamook_or,or
Marion,marion_or,or
Powder river,powder river_mt,mt
Prince edward,prince edward_va,va
Spink,spink_sd,sd
Venango,venango_pa,pa
Sanborn,sanborn_sd,sd
Irion,irion_tx,tx
Vermion,vermion_il,il
Harding,harding_sd,sd
Collier,collier_fl,fl
Genesee,genesee_ny,ny
Sumner,sumner_ks,ks
Perry,perry_oh,oh
Cass,cass_ia,ia
Perry,perry_ky,ky
Albemarle,albemarle_va,va
Bibb,bibb_ga,ga
Perry,perry_in,in
Coos,coos_nh,nh
Barron,barron_wi,wi
Hawaii,hawaii_hi,hi
Beaver,beaver_ut,ut
Jefferson,jefferson_wi,wi
Linn,linn_ks,ks
Fairfield,fairfield_ct,ct
Buffalo,buffalo_ne,ne
Huntingdon,huntingdon_pa,pa
Keweenaw,keweenaw_mi,mi
New kent,new kent_va,va
Kingsbury,kingsbury_sd,sd
Lake,lake_mn,mn
Etowah,etowah_al,al
Grant,grant_wa,wa
Clinton,clinton_ny,ny
De soto,de soto_ms,ms
Stafford,stafford_ks,ks
Puam,puam_tn,tn
Wasco,wasco_or,or
Quitman,quitman_ms,ms
Pulaski,pulaski_ar,ar
Adams,adams_ne,ne
Graham,graham_ks,ks
Potter,potter_pa,pa
Jefferson,jefferson_ks,ks
Hardeman,hardeman_tn,tn
Waupaca,waupaca_wi,wi
Fulton,fulton_ga,ga
Laramie,laramie_wy,wy
Fresno,fresno_ca,ca
Wexford,wexford_mi,mi
Baraga,baraga_mi,mi
Baldwin,baldwin_ga,ga
Perry,perry_il,il
Colorado,colorado_tx,tx
Benton,benton_wa,wa
Calhoun,calhoun_ga,ga
Milam,milam_tx,tx
Moffat,moffat_co,co
Decatur,decatur_in,in
Jefferson,jefferson_in,in
Charlton,charlton_ga,ga
Huron,huron_mi,mi
Gonzales,gonzales_tx,tx
Buchanan,buchanan_va,va
Putnam,putnam_wv,wv
Marshall,marshall_ms,ms
Medina,medina_oh,oh
Atchison,atchison_ks,ks
Rock,rock_mn,mn
Dare,dare_nc,nc
Morrow,morrow_oh,oh
Cullman,cullman_al,al
Winston,winston_ms,ms
Comal,comal_tx,tx
Lioln,lioln_nc,nc
Kiowa,kiowa_co,co
Sherburne,sherburne_mn,mn
Cumberland,cumberland_il,il
Butler,butler_ia,ia
Harper,harper_ok,ok
Kings,kings_ca,ca
Monongalia,monongalia_wv,wv
Pitt,pitt_nc,nc
Henry,henry_ky,ky
Echols,echols_ga,ga
Siskiyou,siskiyou_ca,ca
Bullock,bullock_al,al
Miami,miami_oh,oh
Dewitt,dewitt_tx,tx
Newton,newton_ar,ar
Surry,surry_va,va
Sioux,sioux_nd,nd
Lea,lea_nm,nm
Guernsey,guernsey_oh,oh
Steele,steele_mn,mn
Dougherty,dougherty_ga,ga
Bennington,bennington_vt,vt
Fayette,fayette_tx,tx
Custer,custer_mt,mt
Chemung,chemung_ny,ny
Warren,warren_nc,nc
Fairfax,fairfax_va,va
Jefferson,jefferson_or,or
Kenedy,kenedy_tx,tx
Hodgeman,hodgeman_ks,ks
Hancock,hancock_me,me
Menifee,menifee_ky,ky
Howd,howd_ar,ar
Chowan,chowan_nc,nc
Edmonson,edmonson_ky,ky
Johnson,johnson_tn,tn
Ouray,ouray_co,co
Radford city,radford city_va,va
Lake,lake_ca,ca
Prince georges,prince georges_md,md
Lemhi,lemhi_id,id
Jackson,jackson_wv,wv
Stephens,stephens_ok,ok
Pulaski,pulaski_ga,ga
Gloucester,gloucester_nj,nj
Wilkinson,wilkinson_ga,ga
Bacon,bacon_ga,ga
Johnson,johnson_ga,ga
Jefferson,jefferson_ar,ar
Highland,highland_va,va
Bernalillo,bernalillo_nm,nm
Somerset,somerset_pa,pa
Ross,ross_oh,oh
Washington,washington_mo,mo
Howard,howard_in,in
Meade,meade_ks,ks
Kent,kent_md,md
Laurens,laurens_sc,sc
Dodge,dodge_ga,ga
Campbell,campbell_tn,tn
Clackamas,clackamas_or,or
Montour,montour_pa,pa
Whitfield,whitfield_ga,ga
Allen,allen_in,in
Hillsdale,hillsdale_mi,mi
Mercer,mercer_oh,oh
Upson,upson_ga,ga
Grand,grand_co,co
Redwood,redwood_mn,mn
Ochiltree,ochiltree_tx,tx
El paso,el paso_tx,tx
Kimble,kimble_tx,tx
Vernon,vernon_mo,mo
Guadalupe,guadalupe_tx,tx
Columbia,columbia_wi,wi
Latah,latah_id,id
King and queen,king and queen_va,va
Bureau,bureau_il,il
Mason,mason_ky,ky
Banr,banr_ne,ne
Worcester,worcester_md,md
Fayette,fayette_pa,pa
Fannin,fannin_tx,tx
Catawba,catawba_nc,nc
Tipton,tipton_tn,tn
Hall,hall_ga,ga
St joseph,st joseph_in,in
Mchenry,mchenry_nd,nd
Kleberg,kleberg_tx,tx
Wyoming,wyoming_pa,pa
Androscoggin,androscoggin_me,me
Osceola,osceola_mi,mi
Madera,madera_ca,ca
Reno,reno_ks,ks
Wilson,wilson_tx,tx
